obra,autor_yaml,grupo,termo_encontrado,pagina,posicao_no_texto,trecho_central,descartado_por_exclusao
latour_2013_aime_en,latour,modes_of_existence,modes of existence,1,17,Modes of Existence,0
latour_2013_aime_en,latour,modes_of_existence,modes of existence,1,62,Modes of Existence,0
latour_2013_aime_en,latour,modes_of_existence,modes of existence,1,1187,modes of existence,0
latour_2013_aime_en,latour,modes_of_existence,modes of existence,1,3686,modes of existence,0
latour_2013_aime_en,latour,modes_of_existence,modes of existence,1,4087,Modes of Existence,0
latour_2013_aime_en,latour,modes_of_existence,mode of existence,1,4725,mode of existence,0
latour_2013_aime_en,latour,modes_of_existence,modes of existence,1,7683,modes of existence,0
latour_2013_aime_en,latour,modes_of_existence,"modes
of existence",1,8242,"modes
of existence",0
latour_2013_aime_en,latour,modes_of_existence,mode of existence,1,8551,mode of existence,0
latour_2013_aime_en,latour,modes_of_existence,modes of existence,1,12545,Modes of existence,0
latour_2013_aime_en,latour,modes_of_existence,modes of existence,1,14923,Modes of Existence,0
latour_2013_aime_en,latour,modes_of_existence,mode of existence,1,17009,mode of existence,0
latour_2013_aime_en,latour,modes_of_existence,mode of existence,1,17668,mode of existence,0
latour_2013_aime_en,latour,modes_of_existence,modes of existence,1,18326,modes of existence,0
latour_2013_aime_en,latour,modes_of_existence,mode of existence,1,20056,mode of existence,0
latour_2013_aime_en,latour,modes_of_existence,mode of existence,1,20225,mode of existence,0
latour_2013_aime_en,latour,modes_of_existence,mode of existence,1,20378,mode of existence,0
latour_2013_aime_en,latour,modes_of_existence,mode of existence,1,20830,mode of existence,0
latour_2013_aime_en,latour,modes_of_existence,modes of existence,1,21134,Modes of Existence,0
latour_2013_aime_en,latour,modes_of_existence,mode of existence,1,28320,mode of existence,0
latour_2013_aime_en,latour,modes_of_existence,"modes of
existence",1,34243,"Modes of
Existence",0
latour_2013_aime_en,latour,modes_of_existence,modes of existence,1,41152,modes of existence,0
latour_2013_aime_en,latour,modes_of_existence,modes of existence,1,45221,modes of existence,0
latour_2013_aime_en,latour,modes_of_existence,modes of existence,1,88198,modes of existence,0
latour_2013_aime_en,latour,modes_of_existence,mode of existence,1,89843,mode of existence,0
latour_2013_aime_en,latour,modes_of_existence,modes of existence,1,93200,modes of existence,0
latour_2013_aime_en,latour,modes_of_existence,"modes
of existence",1,93924,"modes
of existence",0
latour_2013_aime_en,latour,modes_of_existence,modes of existence,1,96834,modes of existence,0
latour_2013_aime_en,latour,modes_of_existence,modes of existence,1,99184,modes of existence,0
latour_2013_aime_en,latour,modes_of_existence,modes of existence,1,105393,Modes of Existence,0
latour_2013_aime_en,latour,modes_of_existence,mode of existence,1,121966,mode of existence,0
latour_2013_aime_en,latour,modes_of_existence,modes of existence,1,215304,modes of existence,0
latour_2013_aime_en,latour,modes_of_existence,modes of existence,1,215411,modes of existence,0
latour_2013_aime_en,latour,modes_of_existence,modes of existence,1,261222,modes of existence,0
latour_2013_aime_en,latour,modes_of_existence,modes of existence,1,263452,modes of existence,0
latour_2013_aime_en,latour,modes_of_existence,modes of existence,1,263686,modes of existence,0
latour_2013_aime_en,latour,modes_of_existence,mode of existence,1,265016,mode of existence,0
latour_2013_aime_en,latour,modes_of_existence,modes of existence,1,268331,modes of existence,0
latour_2013_aime_en,latour,modes_of_existence,"mode
           of existence",1,269268,"mode
           of existence",0
latour_2013_aime_en,latour,modes_of_existence,modes of existence,1,272818,modes of existence,0
latour_2013_aime_en,latour,modes_of_existence,mode of existence,1,276377,mode of existence,0
latour_2013_aime_en,latour,modes_of_existence,mode of existence,1,277975,mode of existence,0
latour_2013_aime_en,latour,modes_of_existence,mode of existence,1,301121,mode of existence,0
latour_2013_aime_en,latour,modes_of_existence,modes of existence,1,310945,modes of existence,0
latour_2013_aime_en,latour,modes_of_existence,modes of existence,1,314564,modes of existence,0
latour_2013_aime_en,latour,modes_of_existence,modes of existence,1,331503,modes of existence,0
latour_2013_aime_en,latour,modes_of_existence,modes of existence,1,357450,modes of existence,0
latour_2013_aime_en,latour,modes_of_existence,modes of existence,1,360033,Modes of existence,0
latour_2013_aime_en,latour,modes_of_existence,mode of existence,1,382341,mode of existence,0
latour_2013_aime_en,latour,modes_of_existence,mode of existence,1,383142,mode of existence,0
latour_2013_aime_en,latour,modes_of_existence,"mode
of existence",1,391487,"mode
of existence",0
latour_2013_aime_en,latour,modes_of_existence,mode of existence,1,419295,mode of existence,0
latour_2013_aime_en,latour,modes_of_existence,modes of existence,1,422715,Modes of existence,0
latour_2013_aime_en,latour,modes_of_existence,mode of existence,1,422919,mode of existence,0
latour_2013_aime_en,latour,modes_of_existence,"modes
           of existence",1,423204,"modes
           of existence",0
latour_2013_aime_en,latour,modes_of_existence,mode of existence,1,434485,mode of existence,0
latour_2013_aime_en,latour,modes_of_existence,modes of existence,1,448418,modes of existence,0
latour_2013_aime_en,latour,modes_of_existence,modes of existence,1,448864,modes of existence,0
latour_2013_aime_en,latour,modes_of_existence,"modes of
             existence",1,467579,"modes of
             existence",0
latour_2013_aime_en,latour,modes_of_existence,mode of existence,1,473798,mode of existence,0
latour_2013_aime_en,latour,modes_of_existence,modes of existence,1,505502,modes of existence,0
latour_2013_aime_en,latour,modes_of_existence,modes of existence,1,506499,modes of existence,0
latour_2013_aime_en,latour,modes_of_existence,modes of existence,1,507650,modes of existence,0
latour_2013_aime_en,latour,modes_of_existence,modes of existence,1,510273,Modes of Existence,0
latour_2013_aime_en,latour,modes_of_existence,mode of existence,1,514110,mode of existence,0
latour_2013_aime_en,latour,modes_of_existence,mode of existence,1,516713,mode of existence,0
latour_2013_aime_en,latour,modes_of_existence,mode of existence,1,553454,mode of existence,0
latour_2013_aime_en,latour,modes_of_existence,modes of existence,1,573285,modes of existence,0
latour_2013_aime_en,latour,modes_of_existence,mode of existence,1,578267,mode of existence,0
latour_2013_aime_en,latour,modes_of_existence,mode of existence,1,580980,Mode of Existence,0
latour_2013_aime_en,latour,modes_of_existence,mode of existence,1,585062,mode of existence,0
latour_2013_aime_en,latour,modes_of_existence,mode of existence,1,588381,mode of existence,0
latour_2013_aime_en,latour,modes_of_existence,modes of existence,1,588952,modes of existence,0
latour_2013_aime_en,latour,modes_of_existence,mode of existence,1,589343,mode of existence,0
latour_2013_aime_en,latour,modes_of_existence,modes of existence,1,590232,modes of existence,0
latour_2013_aime_en,latour,modes_of_existence,mode of existence,1,596006,mode of existence,0
latour_2013_aime_en,latour,modes_of_existence,mode of existence,1,596442,mode of existence,0
latour_2013_aime_en,latour,modes_of_existence,mode of existence,1,606579,mode of existence,0
latour_2013_aime_en,latour,modes_of_existence,mode of existence,1,606665,mode of existence,0
latour_2013_aime_en,latour,modes_of_existence,mode of existence,1,623469,mode of existence,0
latour_2013_aime_en,latour,modes_of_existence,modes of existence,1,635511,modes of existence,0
latour_2013_aime_en,latour,modes_of_existence,modes of existence,1,646712,modes of existence,0
latour_2013_aime_en,latour,modes_of_existence,modes of existence,1,648498,modes of existence,0
latour_2013_aime_en,latour,modes_of_existence,mode of existence,1,657517,mode of existence,0
latour_2013_aime_en,latour,modes_of_existence,modes of existence,1,669537,modes of existence,0
latour_2013_aime_en,latour,modes_of_existence,mode of existence,1,674746,mode of existence,0
latour_2013_aime_en,latour,modes_of_existence,mode of existence,1,677587,mode of existence,0
latour_2013_aime_en,latour,modes_of_existence,mode of existence,1,686131,mode of existence,0
latour_2013_aime_en,latour,modes_of_existence,modes of existence,1,707869,modes of existence,0
latour_2013_aime_en,latour,modes_of_existence,mode of existence,1,715370,mode of existence,0
latour_2013_aime_en,latour,modes_of_existence,mode of existence,1,715906,mode of existence,0
latour_2013_aime_en,latour,modes_of_existence,modes of existence,1,720059,modes of existence,0
latour_2013_aime_en,latour,modes_of_existence,modes of existence,1,722927,modes of existence,0
latour_2013_aime_en,latour,modes_of_existence,mode of existence,1,726850,mode of existence,0
latour_2013_aime_en,latour,modes_of_existence,modes of existence,1,727364,modes of existence,0
latour_2013_aime_en,latour,modes_of_existence,mode of existence,1,730209,mode of existence,0
latour_2013_aime_en,latour,modes_of_existence,mode of existence,1,730258,mode of existence,0
latour_2013_aime_en,latour,modes_of_existence,"mode of
        existence",1,733960,"mode of
        existence",0
latour_2013_aime_en,latour,modes_of_existence,modes of existence,1,735514,modes of existence,0
latour_2013_aime_en,latour,modes_of_existence,mode of existence,1,738220,mode of existence,0
latour_2013_aime_en,latour,modes_of_existence,"modes of
                              existence",1,738253,"modes of
                              existence",0
latour_2013_aime_en,latour,modes_of_existence,mode of existence,1,739644,mode of existence,0
latour_2013_aime_en,latour,modes_of_existence,mode of existence,1,740071,mode of existence,0
latour_2013_aime_en,latour,modes_of_existence,mode of existence,1,760440,mode of existence,0
latour_2013_aime_en,latour,modes_of_existence,mode of existence,1,764893,mode of existence,0
latour_2013_aime_en,latour,modes_of_existence,"modes
of existence",1,764990,"modes
of existence",0
latour_2013_aime_en,latour,modes_of_existence,mode of existence,1,765236,mode of existence,0
latour_2013_aime_en,latour,modes_of_existence,mode of existence,1,766236,mode of existence,0
latour_2013_aime_en,latour,modes_of_existence,modes of existence,1,776829,modes of existence,0
latour_2013_aime_en,latour,modes_of_existence,modes of existence,1,777859,modes of existence,0
latour_2013_aime_en,latour,modes_of_existence,modes of existence,1,779757,Modes of Existence,0
latour_2013_aime_en,latour,modes_of_existence,modes of existence,1,785364,Modes of Existence,0
latour_2013_aime_en,latour,modes_of_existence,modes of existence,1,791025,Modes of Existence,0
latour_2013_aime_en,latour,modes_of_existence,mode of existence,1,791917,mode of existence,0
latour_2013_aime_en,latour,modes_of_existence,mode of existence,1,794797,mode of existence,0
latour_2013_aime_en,latour,modes_of_existence,modes of existence,1,796776,Modes of Existence,0
latour_2013_aime_en,latour,modes_of_existence,modes of existence,1,799541,modes of existence,0
latour_2013_aime_en,latour,modes_of_existence,"modes of
      existence",1,802665,"modes of
      existence",0
latour_2013_aime_en,latour,modes_of_existence,"mode
of existence",1,826740,"mode
of existence",0
latour_2013_aime_en,latour,modes_of_existence,mode of existence,1,829366,mode of existence,0
latour_2013_aime_en,latour,modes_of_existence,mode of existence,1,830632,mode of existence,0
latour_2013_aime_en,latour,modes_of_existence,"modes of
existence",1,832201,"modes of
existence",0
latour_2013_aime_en,latour,modes_of_existence,modes of existence,1,836585,modes of existence,0
latour_2013_aime_en,latour,modes_of_existence,modes of existence,1,837818,modes of existence,0
latour_2013_aime_en,latour,modes_of_existence,mode of existence,1,845882,mode of existence,0
latour_2013_aime_en,latour,modes_of_existence,mode of existence,1,858180,mode of existence,0
latour_2013_aime_en,latour,modes_of_existence,mode of existence,1,863988,mode of existence,0
latour_2013_aime_en,latour,modes_of_existence,modes of existence,1,864159,modes of existence,0
latour_2013_aime_en,latour,modes_of_existence,mode of existence,1,918940,mode of existence,0
latour_2013_aime_en,latour,modes_of_existence,mode of existence,1,941149,mode of existence,0
latour_2013_aime_en,latour,modes_of_existence,mode of existence,1,953209,mode of existence,0
latour_2013_aime_en,latour,modes_of_existence,mode of existence,1,954184,mode of existence,0
latour_2013_aime_en,latour,modes_of_existence,modes of existence,1,965870,modes of existence,0
latour_2013_aime_en,latour,modes_of_existence,modes of existence,1,969020,modes of existence,0
latour_2013_aime_en,latour,modes_of_existence,mode of existence,1,978675,mode of existence,0
latour_2013_aime_en,latour,modes_of_existence,mode of existence,1,995534,mode of existence,0
latour_2013_aime_en,latour,modes_of_existence,modes of existence,1,1002153,modes of existence,0
latour_2013_aime_en,latour,modes_of_existence,"mode of
existence",1,1004864,"mode of
existence",0
latour_2013_aime_en,latour,modes_of_existence,mode of existence,1,1006173,mode of existence,0
latour_2013_aime_en,latour,modes_of_existence,mode of existence,1,1009931,mode of existence,0
latour_2013_aime_en,latour,modes_of_existence,modes of existence,1,1025051,modes of existence,0
latour_2013_aime_en,latour,modes_of_existence,modes of existence,1,1026198,modes of existence,0
latour_2013_aime_en,latour,modes_of_existence,modes of existence,1,1032849,modes of existence,0
latour_2013_aime_en,latour,modes_of_existence,modes of existence,1,1034001,modes of existence,0
latour_2013_aime_en,latour,modes_of_existence,modes of existence,1,1043934,modes of existence,0
latour_2013_aime_en,latour,modes_of_existence,mode of existence,1,1055538,mode of existence,0
latour_2013_aime_en,latour,modes_of_existence,mode of existence,1,1055660,mode of existence,0
latour_2013_aime_en,latour,modes_of_existence,mode of existence,1,1059511,mode of existence,0
latour_2013_aime_en,latour,modes_of_existence,mode of existence,1,1065209,mode of existence,0
latour_2013_aime_en,latour,modes_of_existence,"mode
        of existence",1,1070176,"mode
        of existence",0
latour_2013_aime_en,latour,modes_of_existence,mode of existence,1,1083387,mode of existence,0
latour_2013_aime_en,latour,modes_of_existence,mode of existence,1,1083954,mode of existence,0
latour_2013_aime_en,latour,modes_of_existence,mode of existence,1,1110106,mode of existence,0
latour_2013_aime_en,latour,modes_of_existence,mode of existence,1,1114546,mode of existence,0
latour_2013_aime_en,latour,modes_of_existence,mode of existence,1,1116274,mode of existence,0
latour_2013_aime_en,latour,modes_of_existence,mode of existence,1,1138563,mode of existence,0
latour_2013_aime_en,latour,modes_of_existence,modes of existence,1,1157599,modes of existence,0
latour_2013_aime_en,latour,modes_of_existence,mode of existence,1,1159281,mode of existence,0
latour_2013_aime_en,latour,modes_of_existence,mode of existence,1,1162603,mode of existence,0
latour_2013_aime_en,latour,modes_of_existence,mode of existence,1,1168913,mode of existence,0
latour_2013_aime_en,latour,modes_of_existence,"mode of
        existence",1,1208395,"mode of
        existence",0
latour_2013_aime_en,latour,modes_of_existence,mode of existence,1,1216210,mode of existence,0
latour_2013_aime_en,latour,modes_of_existence,modes of existence,1,1241836,modes of existence,0
latour_2013_aime_en,latour,modes_of_existence,modes of existence,1,1249785,modes of existence,0
latour_2013_aime_en,latour,modes_of_existence,"mode
of existence",1,1255981,"mode
of existence",0
latour_2013_aime_en,latour,modes_of_existence,"modes
of existence",1,1266570,"modes
of existence",0
latour_2013_aime_en,latour,modes_of_existence,mode of existence,1,1287007,mode of existence,0
latour_2013_aime_en,latour,preposition,preposition,1,6591,preposition,0
latour_2013_aime_en,latour,preposition,prepositional,1,6894,prepositional,0
latour_2013_aime_en,latour,preposition,prepositions,1,20161,prepositions,0
latour_2013_aime_en,latour,preposition,prepositional,1,160188,prepositional,0
latour_2013_aime_en,latour,preposition,preposition,1,160929,preposition,0
latour_2013_aime_en,latour,preposition,preposition,1,186304,preposition,0
latour_2013_aime_en,latour,preposition,preposition,1,186857,preposition,0
latour_2013_aime_en,latour,preposition,prepositions,1,187318,prepositions,0
latour_2013_aime_en,latour,preposition,prepositions,1,187571,prepositions,0
latour_2013_aime_en,latour,preposition,prepositions,1,187790,prepositions,0
latour_2013_aime_en,latour,preposition,prepositions,1,189216,prepositions,0
latour_2013_aime_en,latour,preposition,prepositions,1,189471,prepositions,0
latour_2013_aime_en,latour,preposition,prepositions,1,189658,prepositions,0
latour_2013_aime_en,latour,preposition,prepositions,1,189820,Prepositions,0
latour_2013_aime_en,latour,preposition,preposition,1,190153,preposition,0
latour_2013_aime_en,latour,preposition,prepositional,1,199509,prepositional,0
latour_2013_aime_en,latour,preposition,prepositions,1,201081,prepositions,0
latour_2013_aime_en,latour,preposition,prepositions,1,204610,prepositions,0
latour_2013_aime_en,latour,preposition,preposition,1,208886,preposition,0
latour_2013_aime_en,latour,preposition,preposition,1,213626,preposition,0
latour_2013_aime_en,latour,preposition,preposition,1,213748,preposition,0
latour_2013_aime_en,latour,preposition,prepositions,1,279576,prepositions,0
latour_2013_aime_en,latour,preposition,preposition,1,382640,preposition,0
latour_2013_aime_en,latour,preposition,prepositions,1,434736,prepositions,0
latour_2013_aime_en,latour,preposition,prepositions,1,490122,prepositions,0
latour_2013_aime_en,latour,preposition,prepositions,1,506455,prepositions,0
latour_2013_aime_en,latour,preposition,preposition,1,560451,preposition,0
latour_2013_aime_en,latour,preposition,prepositions,1,653095,prepositions,0
latour_2013_aime_en,latour,preposition,prepositions,1,655064,prepositions,0
latour_2013_aime_en,latour,preposition,preposition,1,655321,preposition,0
latour_2013_aime_en,latour,preposition,preposition,1,655976,preposition,0
latour_2013_aime_en,latour,preposition,prepositions,1,657050,prepositions,0
latour_2013_aime_en,latour,preposition,preposition,1,662662,preposition,0
latour_2013_aime_en,latour,preposition,preposition,1,709510,preposition,0
latour_2013_aime_en,latour,preposition,prepositions,1,715680,prepositions,0
latour_2013_aime_en,latour,preposition,prepositions,1,725008,prepositions,0
latour_2013_aime_en,latour,preposition,prepositions,1,725588,prepositions,0
latour_2013_aime_en,latour,preposition,prepositions,1,727139,prepositions,0
latour_2013_aime_en,latour,preposition,prepositions,1,727932,prepositions,0
latour_2013_aime_en,latour,preposition,prepositions,1,728321,prepositions,0
latour_2013_aime_en,latour,preposition,preposition,1,728791,preposition,0
latour_2013_aime_en,latour,preposition,prepositions,1,729778,prepositions,0
latour_2013_aime_en,latour,preposition,prepositions,1,729949,prepositions,0
latour_2013_aime_en,latour,preposition,prepositions,1,732560,prepositions,0
latour_2013_aime_en,latour,preposition,prepositions,1,733056,prepositions,0
latour_2013_aime_en,latour,preposition,preposition,1,738112,preposition,0
latour_2013_aime_en,latour,preposition,prepositions,1,741497,prepositions,0
latour_2013_aime_en,latour,preposition,preposition,1,742262,preposition,0
latour_2013_aime_en,latour,preposition,prepositions,1,745050,prepositions,0
latour_2013_aime_en,latour,preposition,preposition,1,745515,preposition,0
latour_2013_aime_en,latour,preposition,prepositions,1,746236,prepositions,0
latour_2013_aime_en,latour,preposition,prepositions,1,747488,prepositions,0
latour_2013_aime_en,latour,preposition,preposition,1,748326,preposition,0
latour_2013_aime_en,latour,preposition,preposition,1,749463,preposition,0
latour_2013_aime_en,latour,preposition,prepositions,1,750911,prepositions,0
latour_2013_aime_en,latour,preposition,preposition,1,780810,preposition,0
latour_2013_aime_en,latour,preposition,prepositions,1,857146,prepositions,0
latour_2013_aime_en,latour,preposition,prepositions,1,857532,prepositions,0
latour_2013_aime_en,latour,preposition,prepositions,1,857760,prepositions,0
latour_2013_aime_en,latour,preposition,preposition,1,916595,preposition,0
latour_2013_aime_en,latour,preposition,preposition,1,965694,preposition,0
latour_2013_aime_en,latour,preposition,prepositions,1,969125,prepositions,0
latour_2013_aime_en,latour,preposition,preposition,1,977572,preposition,0
latour_2013_aime_en,latour,preposition,preposition,1,1044909,preposition,0
latour_2013_aime_en,latour,preposition,prepositions,1,1066327,prepositions,0
latour_2013_aime_en,latour,preposition,prepositions,1,1099585,prepositions,0
latour_2013_aime_en,latour,preposition,preposition,1,1138471,preposition,0
latour_2013_aime_en,latour,preposition,preposition,1,1237450,preposition,0
latour_2013_aime_en,latour,preposition,prepositions,1,1282695,prepositions,0
latour_2013_aime_en,latour,preposition,prepositions,1,1283701,prepositions,0
latour_2013_aime_en,latour,preposition,prepositions,1,1300352,prepositions,0
latour_2013_aime_en,latour,felicity,felicity,1,6493,felicity,0
latour_2013_aime_en,latour,felicity,infelicity,1,6506,infelicity,0
latour_2013_aime_en,latour,felicity,felicity,1,8329,felicity,0
latour_2013_aime_en,latour,felicity,felicity,1,20457,felicity,0
latour_2013_aime_en,latour,felicity,felicity,1,23140,felicity,0
latour_2013_aime_en,latour,felicity,felicity,1,26636,felicity,0
latour_2013_aime_en,latour,felicity,felicity,1,28366,felicity,0
latour_2013_aime_en,latour,felicity,infelicity,1,28379,infelicity,0
latour_2013_aime_en,latour,felicity,felicity,1,30612,felicity,0
latour_2013_aime_en,latour,felicity,felicity,1,89154,felicity,0
latour_2013_aime_en,latour,felicity,infelicity,1,89175,infelicity,0
latour_2013_aime_en,latour,felicity,felicity,1,90639,felicity,0
latour_2013_aime_en,latour,felicity,felicity,1,94292,felicity,0
latour_2013_aime_en,latour,felicity,felicity,1,97663,felicity,0
latour_2013_aime_en,latour,felicity,infelicity,1,97675,infelicity,0
latour_2013_aime_en,latour,felicity,felicity,1,160823,felicity,0
latour_2013_aime_en,latour,felicity,infelicity,1,160836,infelicity,0
latour_2013_aime_en,latour,felicity,felicity,1,184661,felicity,0
latour_2013_aime_en,latour,felicity,infelicity,1,184735,infelicity,0
latour_2013_aime_en,latour,felicity,felicity,1,185743,felicity,0
latour_2013_aime_en,latour,felicity,infelicity,1,185756,infelicity,0
latour_2013_aime_en,latour,felicity,felicity,1,186494,felicity,0
latour_2013_aime_en,latour,felicity,felicity,1,187547,felicity,0
latour_2013_aime_en,latour,felicity,felicity,1,191086,felicity,0
latour_2013_aime_en,latour,felicity,felicity,1,191404,felicity,0
latour_2013_aime_en,latour,felicity,felicity,1,203807,felicity,0
latour_2013_aime_en,latour,felicity,felicity,1,204998,felicity,0
latour_2013_aime_en,latour,felicity,felicity,1,215513,felicity,0
latour_2013_aime_en,latour,felicity,felicity,1,221567,felicity,0
latour_2013_aime_en,latour,felicity,felicity,1,225390,felicity,0
latour_2013_aime_en,latour,felicity,felicity,1,262438,felicity,0
latour_2013_aime_en,latour,felicity,felicity,1,262478,felicity,0
latour_2013_aime_en,latour,felicity,felicity,1,278309,felicity,0
latour_2013_aime_en,latour,felicity,felicity,1,278539,felicity,0
latour_2013_aime_en,latour,felicity,felicity,1,296747,felicity,0
latour_2013_aime_en,latour,felicity,infelicity,1,296760,infelicity,0
latour_2013_aime_en,latour,felicity,felicity,1,383054,felicity,0
latour_2013_aime_en,latour,felicity,infelicity,1,383067,infelicity,0
latour_2013_aime_en,latour,felicity,felicity,1,388561,felicity,0
latour_2013_aime_en,latour,felicity,felicity,1,397319,felicity,0
latour_2013_aime_en,latour,felicity,felicity,1,513940,felicity,0
latour_2013_aime_en,latour,felicity,infelicity,1,513953,infelicity,0
latour_2013_aime_en,latour,felicity,felicity,1,555507,felicity,0
latour_2013_aime_en,latour,felicity,felicity,1,555810,felicity,0
latour_2013_aime_en,latour,felicity,infelicity,1,555823,infelicity,0
latour_2013_aime_en,latour,felicity,felicity,1,566355,felicity,0
latour_2013_aime_en,latour,felicity,felicity,1,600096,felicity,0
latour_2013_aime_en,latour,felicity,felicity,1,630822,felicity,0
latour_2013_aime_en,latour,felicity,infelicity,1,630835,infelicity,0
latour_2013_aime_en,latour,felicity,felicity,1,664465,felicity,0
latour_2013_aime_en,latour,felicity,infelicity,1,664478,infelicity,0
latour_2013_aime_en,latour,felicity,felicity,1,716308,felicity,0
latour_2013_aime_en,latour,felicity,felicity,1,740762,felicity,0
latour_2013_aime_en,latour,felicity,felicity,1,740911,felicity,0
latour_2013_aime_en,latour,felicity,infelicity,1,740934,infelicity,0
latour_2013_aime_en,latour,felicity,felicity,1,742752,felicity,0
latour_2013_aime_en,latour,felicity,felicity,1,757424,felicity,0
latour_2013_aime_en,latour,felicity,felicity,1,801526,felicity,0
latour_2013_aime_en,latour,felicity,felicity,1,840983,felicity,0
latour_2013_aime_en,latour,felicity,felicity,1,842095,felicity,0
latour_2013_aime_en,latour,felicity,infelicity,1,842108,infelicity,0
latour_2013_aime_en,latour,felicity,felicity,1,920447,felicity,0
latour_2013_aime_en,latour,felicity,infelicity,1,920527,infelicity,0
latour_2013_aime_en,latour,felicity,felicity,1,942268,felicity,0
latour_2013_aime_en,latour,felicity,infelicity,1,942281,infelicity,0
latour_2013_aime_en,latour,felicity,felicity,1,962732,felicity,0
latour_2013_aime_en,latour,felicity,felicity,1,986141,felicity,0
latour_2013_aime_en,latour,felicity,infelicity,1,986154,infelicity,0
latour_2013_aime_en,latour,felicity,felicity,1,986175,felicity,0
latour_2013_aime_en,latour,felicity,felicity,1,1010890,felicity,0
latour_2013_aime_en,latour,felicity,infelicity,1,1010903,infelicity,0
latour_2013_aime_en,latour,felicity,felicity,1,1022517,felicity,0
latour_2013_aime_en,latour,felicity,infelicity,1,1022581,infelicity,0
latour_2013_aime_en,latour,felicity,felicity,1,1050990,felicity,0
latour_2013_aime_en,latour,felicity,felicity,1,1059598,felicity,0
latour_2013_aime_en,latour,felicity,infelicity,1,1059611,infelicity,0
latour_2013_aime_en,latour,felicity,felicity,1,1059648,felicity,0
latour_2013_aime_en,latour,felicity,infelicity,1,1059661,infelicity,0
latour_2013_aime_en,latour,felicity,felicity,1,1106167,felicity,0
latour_2013_aime_en,latour,felicity,felicity,1,1167111,felicity,0
latour_2013_aime_en,latour,felicity,felicity,1,1167146,felicity,0
latour_2013_aime_en,latour,felicity,infelicity,1,1167159,infelicity,0
latour_2013_aime_en,latour,felicity,felicity,1,1171059,felicity,0
latour_2013_aime_en,latour,felicity,infelicity,1,1171072,infelicity,0
latour_2013_aime_en,latour,felicity,felicity,1,1180942,felicity,0
latour_2013_aime_en,latour,felicity,felicity,1,1207248,felicity,0
latour_2013_aime_en,latour,felicity,infelicity,1,1207261,infelicity,0
latour_2013_aime_en,latour,felicity,infelicity,1,1229742,infelicity,0
latour_2013_aime_en,latour,felicity,felicity,1,1299809,felicity,0
latour_2013_aime_en,latour,felicity,infelicity,1,1299818,infelicity,0
latour_2013_aime_en,latour,felicity,felicity,1,1303334,felicity,0
latour_2013_aime_en,latour,felicity,infelicity,1,1303347,infelicity,0
latour_2013_aime_en,latour,diplomacy,diplomatic,1,3488,diplomatic,0
latour_2013_aime_en,latour,diplomacy,negotiate,1,3534,negotiate,0
latour_2013_aime_en,latour,diplomacy,negotiate,1,3566,negotiate,0
latour_2013_aime_en,latour,diplomacy,negotiations,1,16513,negotiations,0
latour_2013_aime_en,latour,diplomacy,diplomatic,1,33219,diplomatic,0
latour_2013_aime_en,latour,diplomacy,negotiations,1,33395,negotiations,0
latour_2013_aime_en,latour,diplomacy,diplomacy,1,37220,diplomacy,0
latour_2013_aime_en,latour,diplomacy,diplomatic,1,43566,diplomatic,0
latour_2013_aime_en,latour,diplomacy,negotiation,1,43933,negotiation,0
latour_2013_aime_en,latour,diplomacy,diplomatic,1,44829,diplomatic,0
latour_2013_aime_en,latour,diplomacy,negotiate,1,44918,negotiate,0
latour_2013_aime_en,latour,diplomacy,negotiate,1,44947,negotiate,0
latour_2013_aime_en,latour,diplomacy,diplomatic,1,60698,diplomatic,0
latour_2013_aime_en,latour,diplomacy,diplomats,1,73329,diplomats,0
latour_2013_aime_en,latour,diplomacy,diplomat,1,74752,diplomat,0
latour_2013_aime_en,latour,diplomacy,diplomatic,1,75231,diplomatic,0
latour_2013_aime_en,latour,diplomacy,diplomatic,1,75423,diplomatic,0
latour_2013_aime_en,latour,diplomacy,diplomats,1,75584,diplomats,0
latour_2013_aime_en,latour,diplomacy,diplomatic,1,76064,diplomatic,0
latour_2013_aime_en,latour,diplomacy,negotiate,1,76604,negotiate,0
latour_2013_aime_en,latour,diplomacy,negotiate,1,81475,negotiate,0
latour_2013_aime_en,latour,diplomacy,diplomats,1,85465,diplomats,0
latour_2013_aime_en,latour,diplomacy,diplomatic,1,86524,diplomatic,0
latour_2013_aime_en,latour,diplomacy,diplomacy,1,86640,diplomacy,0
latour_2013_aime_en,latour,diplomacy,diplomats,1,86667,diplomats,0
latour_2013_aime_en,latour,diplomacy,negotiations,1,86879,negotiations,0
latour_2013_aime_en,latour,diplomacy,negotiation,1,87386,negotiation,0
latour_2013_aime_en,latour,diplomacy,diplomacy,1,96230,diplomacy,0
latour_2013_aime_en,latour,diplomacy,negotiate,1,96569,negotiate,0
latour_2013_aime_en,latour,diplomacy,diplomats,1,101018,Diplomats,0
latour_2013_aime_en,latour,diplomacy,diplomacy,1,102420,diplomacy,0
latour_2013_aime_en,latour,diplomacy,diplomacy,1,103192,diplomacy,0
latour_2013_aime_en,latour,diplomacy,diplomacy,1,159650,diplomacy,0
latour_2013_aime_en,latour,diplomacy,diplomacy,1,193293,diplomacy,0
latour_2013_aime_en,latour,diplomacy,negotiation,1,209547,negotiation,0
latour_2013_aime_en,latour,diplomacy,diplomat,1,209979,diplomat,0
latour_2013_aime_en,latour,diplomacy,diplomatic,1,214184,diplomatic,0
latour_2013_aime_en,latour,diplomacy,negotiation,1,214649,negotiation,0
latour_2013_aime_en,latour,diplomacy,negotiating,1,216769,negotiating,0
latour_2013_aime_en,latour,diplomacy,diplomatic,1,264945,diplomatic,0
latour_2013_aime_en,latour,diplomacy,diplomacy,1,274558,diplomacy,0
latour_2013_aime_en,latour,diplomacy,diplomacy,1,303562,diplomacy,0
latour_2013_aime_en,latour,diplomacy,diplomacy,1,357571,diplomacy,0
latour_2013_aime_en,latour,diplomacy,negotiations,1,512117,negotiations,0
latour_2013_aime_en,latour,diplomacy,negotiations,1,513262,negotiations,0
latour_2013_aime_en,latour,diplomacy,negotiating,1,571343,negotiating,0
latour_2013_aime_en,latour,diplomacy,negotiations,1,574287,negotiations,0
latour_2013_aime_en,latour,diplomacy,negotiation,1,645035,negotiation,0
latour_2013_aime_en,latour,diplomacy,negotiations,1,779330,negotiations,0
latour_2013_aime_en,latour,diplomacy,negotiate,1,789133,negotiate,0
latour_2013_aime_en,latour,diplomacy,diplomacy,1,798136,diplomacy,0
latour_2013_aime_en,latour,diplomacy,negotiation,1,798703,negotiation,0
latour_2013_aime_en,latour,diplomacy,diplomacy,1,805612,diplomacy,0
latour_2013_aime_en,latour,diplomacy,negotiating,1,805725,negotiating,0
latour_2013_aime_en,latour,diplomacy,diplomat,1,805939,diplomat,0
latour_2013_aime_en,latour,diplomacy,diplomacy,1,814080,diplomacy,0
latour_2013_aime_en,latour,diplomacy,diplomacy,1,880287,diplomacy,0
latour_2013_aime_en,latour,diplomacy,negotiations,1,882356,negotiations,0
latour_2013_aime_en,latour,diplomacy,diplomats,1,885643,diplomats,0
latour_2013_aime_en,latour,diplomacy,negotiating,1,896681,negotiating,0
latour_2013_aime_en,latour,diplomacy,negotiation,1,1019334,negotiation,0
latour_2013_aime_en,latour,diplomacy,diplomacy,1,1026150,diplomacy,0
latour_2013_aime_en,latour,diplomacy,diplomacy,1,1028361,diplomacy,0
latour_2013_aime_en,latour,diplomacy,diplomatic,1,1032381,diplomatic,0
latour_2013_aime_en,latour,diplomacy,diplomat,1,1239033,diplomat,0
latour_2013_aime_en,latour,diplomacy,diplomatic,1,1268940,diplomatic,0
latour_2013_aime_en,latour,diplomacy,negotiations,1,1269303,negotiations,0
latour_2013_aime_en,latour,diplomacy,diplomacy,1,1278601,diplomacy,0
latour_2013_aime_en,latour,diplomacy,diplomatic,1,1280432,diplomatic,0
latour_2013_aime_en,latour,diplomacy,diplomatic,1,1282641,diplomatic,0
latour_2013_aime_en,latour,diplomacy,diplomacy,1,1284716,diplomacy,0
latour_2013_aime_en,latour,diplomacy,negotiated,1,1284791,negotiated,0
latour_2013_aime_en,latour,diplomacy,diplomat,1,1285015,diplomat,0
latour_2013_aime_en,latour,diplomacy,diplomatic,1,1285600,diplomatic,0
latour_2013_aime_en,latour,diplomacy,diplomat,1,1285664,diplomat,0
latour_2013_aime_en,latour,diplomacy,negotiations,1,1290527,negotiations,0
latour_2013_aime_en,latour,diplomacy,negotiation,1,1290591,negotiation,0
latour_2013_aime_en,latour,diplomacy,diplomacy,1,1290902,diplomacy,0
latour_2013_aime_en,latour,diplomacy,diplomats,1,1290924,diplomats,0
latour_2013_aime_en,latour,diplomacy,diplomat,1,1291423,diplomat,0
latour_2013_aime_en,latour,diplomacy,diplomat,1,1292113,diplomat,0
latour_2013_aime_en,latour,diplomacy,negotiations,1,1292287,negotiations,0
latour_2013_aime_en,latour,diplomacy,diplomacy,1,1292857,diplomacy,0
latour_2013_aime_en,latour,diplomacy,diplomatic,1,1295081,diplomatic,0
latour_2013_aime_en,latour,gaia,climatologist,1,3225,climatologist,0
latour_2013_aime_en,latour,gaia,ecology,1,3785,ecology,0
latour_2013_aime_en,latour,gaia,climatologist,1,44783,climatologist,0
latour_2013_aime_en,latour,gaia,ecology,1,45443,ecology,0
latour_2013_aime_en,latour,gaia,climatologist,1,46103,climatologist,0
latour_2013_aime_en,latour,gaia,climate,1,46342,climate,0
latour_2013_aime_en,latour,gaia,climate,1,46670,climate,0
latour_2013_aime_en,latour,gaia,climate,1,46719,climate,0
latour_2013_aime_en,latour,gaia,climate,1,48024,climate,0
latour_2013_aime_en,latour,gaia,climate,1,51092,climate,0
latour_2013_aime_en,latour,gaia,climate,1,52501,climate,0
latour_2013_aime_en,latour,gaia,climatologists,1,52743,climatologists,0
latour_2013_aime_en,latour,gaia,climatologists,1,53368,climatologists,0
latour_2013_aime_en,latour,gaia,ecology,1,55448,ecology,0
latour_2013_aime_en,latour,gaia,climatologist,1,56432,climatologist,0
latour_2013_aime_en,latour,gaia,climatologist,1,57587,climatologist,0
latour_2013_aime_en,latour,gaia,ecological,1,58253,ecological,0
latour_2013_aime_en,latour,gaia,climatologist,1,59122,climatologist,0
latour_2013_aime_en,latour,gaia,ecological,1,60235,ecological,0
latour_2013_aime_en,latour,gaia,ecology,1,62564,ecology,0
latour_2013_aime_en,latour,gaia,climate,1,65289,climate,0
latour_2013_aime_en,latour,gaia,anthropocene,1,65353,Anthropocene,0
latour_2013_aime_en,latour,gaia,gaia,1,66166,Gaia,0
latour_2013_aime_en,latour,gaia,gaia,1,66203,Gaia,0
latour_2013_aime_en,latour,gaia,gaia,1,66838,Gaia,0
latour_2013_aime_en,latour,gaia,gaia,1,67551,Gaia,0
latour_2013_aime_en,latour,gaia,anthropocene,1,67563,Anthropocene,0
latour_2013_aime_en,latour,gaia,gaia,1,76253,Gaia,0
latour_2013_aime_en,latour,gaia,gaia,1,82510,Gaia,0
latour_2013_aime_en,latour,gaia,gaia,1,87657,Gaia,0
latour_2013_aime_en,latour,gaia,gaia,1,100382,Gaia,0
latour_2013_aime_en,latour,gaia,ecology,1,100699,ecology,0
latour_2013_aime_en,latour,gaia,gaia,1,103692,Gaia,0
latour_2013_aime_en,latour,gaia,ecology,1,103925,ecology,0
latour_2013_aime_en,latour,gaia,ecology,1,104316,ecology,0
latour_2013_aime_en,latour,gaia,ecology,1,104915,ecology,0
latour_2013_aime_en,latour,gaia,climate,1,167885,climate,0
latour_2013_aime_en,latour,gaia,ecology,1,217361,ecology,0
latour_2013_aime_en,latour,gaia,gaia,1,356834,Gaia,0
latour_2013_aime_en,latour,gaia,gaia,1,501537,Gaia,0
latour_2013_aime_en,latour,gaia,gaia,1,714631,Gaia,0
latour_2013_aime_en,latour,gaia,gaia,1,789432,Gaia,0
latour_2013_aime_en,latour,gaia,terrestrial,1,877430,terrestrial,0
latour_2013_aime_en,latour,gaia,ecology,1,895895,ecology,0
latour_2013_aime_en,latour,gaia,ecological,1,1028912,ecological,0
latour_2013_aime_en,latour,gaia,gaia,1,1037778,Gaia,0
latour_2013_aime_en,latour,gaia,ecological,1,1214299,ecological,0
latour_2013_aime_en,latour,gaia,ecology,1,1252571,ecology,0
latour_2013_aime_en,latour,gaia,gaia,1,1295265,Gaia,0
latour_2013_aime_en,latour,gaia,anthropocene,1,1295834,anthropocene,0
latour_2013_aime_en,latour,gaia,gaia,1,1296829,Gaia,0
latour_2013_aime_en,latour,gaia,gaia,1,1296914,Gaia,0
latour_2013_aime_en,latour,values,qualify values,1,4859,qualify values,0
latour_2013_aime_en,latour,values,qualify,1,63900,qualify,0
latour_2013_aime_en,latour,values,qualify values,1,106449,qualify values,0
latour_2013_aime_en,latour,values,value system,1,107161,value system,0
latour_2013_aime_en,latour,values,value system,1,108650,value system,0
latour_2013_aime_en,latour,values,value system,1,111612,value system,0
latour_2013_aime_en,latour,values,qualify values,1,126648,qualify values,0
latour_2013_aime_en,latour,values,qualify,1,130532,qualify,0
latour_2013_aime_en,latour,values,qualify,1,138529,qualify,0
latour_2013_aime_en,latour,values,qualify,1,185545,qualify,0
latour_2013_aime_en,latour,values,qualify,1,202090,qualify,0
latour_2013_aime_en,latour,values,qualify,1,297202,qualify,0
latour_2013_aime_en,latour,values,qualify,1,544897,qualify,0
latour_2013_aime_en,latour,values,qualify,1,552667,qualify,0
latour_2013_aime_en,latour,values,qualify,1,571568,qualify,0
latour_2013_aime_en,latour,values,qualify,1,634037,qualify,0
latour_2013_aime_en,latour,values,qualify,1,683808,qualify,0
latour_2013_aime_en,latour,values,value system,1,778078,value system,0
latour_2013_aime_en,latour,values,qualify,1,966282,qualify,0
latour_2013_aime_en,latour,values,qualify,1,976886,qualify,0
latour_2013_aime_en,latour,values,qualify,1,1017046,qualify,0
latour_2013_aime_en,latour,values,qualify,1,1169898,qualify,0
latour_2013_aime_en,latour,trajectory_pass,continuities,1,5525,continuities,0
latour_2013_aime_en,latour,trajectory_pass,discontinuities,1,5542,discontinuities,0
latour_2013_aime_en,latour,trajectory_pass,trajectory,1,9220,trajectory,0
latour_2013_aime_en,latour,trajectory_pass,hiatus,1,9675,hiatus,0
latour_2013_aime_en,latour,trajectory_pass,trajectory,1,18819,trajectory,0
latour_2013_aime_en,latour,trajectory_pass,hiatus,1,20268,hiatus,0
latour_2013_aime_en,latour,trajectory_pass,continuities,1,20414,continuities,0
latour_2013_aime_en,latour,trajectory_pass,continuity,1,21489,continuity,0
latour_2013_aime_en,latour,trajectory_pass,hiatus,1,22883,hiatus,0
latour_2013_aime_en,latour,trajectory_pass,hiatus,1,25314,hiatus,0
latour_2013_aime_en,latour,trajectory_pass,trajectory,1,25377,trajectory,0
latour_2013_aime_en,latour,trajectory_pass,hiatus,1,25430,hiatus,0
latour_2013_aime_en,latour,trajectory_pass,discontinuity,1,25438,discontinuity,0
latour_2013_aime_en,latour,trajectory_pass,continuities,1,106044,continuities,0
latour_2013_aime_en,latour,trajectory_pass,discontinuities,1,106107,discontinuities,0
latour_2013_aime_en,latour,trajectory_pass,continuity,1,116195,continuity,0
latour_2013_aime_en,latour,trajectory_pass,continuity,1,119222,continuity,0
latour_2013_aime_en,latour,trajectory_pass,discontinuities,1,122221,discontinuities,0
latour_2013_aime_en,latour,trajectory_pass,continuity,1,122292,continuity,0
latour_2013_aime_en,latour,trajectory_pass,continuity,1,123069,continuity,0
latour_2013_aime_en,latour,trajectory_pass,course of action,1,123087,course of action,0
latour_2013_aime_en,latour,trajectory_pass,leap,1,123529,leap,0
latour_2013_aime_en,latour,trajectory_pass,discontinuity,1,134162,discontinuity,0
latour_2013_aime_en,latour,trajectory_pass,discontinuities,1,134416,discontinuities,0
latour_2013_aime_en,latour,trajectory_pass,trajectory,1,135603,trajectory,0
latour_2013_aime_en,latour,trajectory_pass,continuity,1,136294,continuity,0
latour_2013_aime_en,latour,trajectory_pass,discontinuities,1,136752,discontinuities,0
latour_2013_aime_en,latour,trajectory_pass,trajectory,1,137655,trajectory,0
latour_2013_aime_en,latour,trajectory_pass,leaps,1,138331,leaps,0
latour_2013_aime_en,latour,trajectory_pass,trajectory,1,139450,trajectory,0
latour_2013_aime_en,latour,trajectory_pass,hiatus,1,139503,hiatus,0
latour_2013_aime_en,latour,trajectory_pass,trajectory,1,139560,trajectory,0
latour_2013_aime_en,latour,trajectory_pass,trajectory,1,139630,trajectory,0
latour_2013_aime_en,latour,trajectory_pass,leaps,1,139664,leaps,0
latour_2013_aime_en,latour,trajectory_pass,course of action,1,140415,course of action,0
latour_2013_aime_en,latour,trajectory_pass,discontinuity,1,140508,discontinuity,0
latour_2013_aime_en,latour,trajectory_pass,continuity,1,140904,continuity,0
latour_2013_aime_en,latour,trajectory_pass,continuity,1,141721,continuity,0
latour_2013_aime_en,latour,trajectory_pass,discontinuities,1,141763,discontinuities,0
latour_2013_aime_en,latour,trajectory_pass,continuity,1,141805,continuity,0
latour_2013_aime_en,latour,trajectory_pass,discontinuity,1,141854,discontinuity,0
latour_2013_aime_en,latour,trajectory_pass,continuities,1,143721,continuities,0
latour_2013_aime_en,latour,trajectory_pass,leaps,1,143760,leaps,0
latour_2013_aime_en,latour,trajectory_pass,discontinuities,1,143801,discontinuities,0
latour_2013_aime_en,latour,trajectory_pass,trajectories,1,145687,trajectories,0
latour_2013_aime_en,latour,trajectory_pass,leaps,1,145772,leaps,0
latour_2013_aime_en,latour,trajectory_pass,discontinuities,1,145779,discontinuities,0
latour_2013_aime_en,latour,trajectory_pass,continuity,1,145942,continuity,0
latour_2013_aime_en,latour,trajectory_pass,continuity,1,146306,continuity,0
latour_2013_aime_en,latour,trajectory_pass,discontinuities,1,146356,discontinuities,0
latour_2013_aime_en,latour,trajectory_pass,hiatus,1,149640,hiatus,0
latour_2013_aime_en,latour,trajectory_pass,continuity,1,150260,continuity,0
latour_2013_aime_en,latour,trajectory_pass,discontinuities,1,150348,discontinuities,0
latour_2013_aime_en,latour,trajectory_pass,trajectory,1,173456,trajectory,0
latour_2013_aime_en,latour,trajectory_pass,trajectory,1,173530,trajectory,0
latour_2013_aime_en,latour,trajectory_pass,course of action,1,173576,course of action,0
latour_2013_aime_en,latour,trajectory_pass,trajectories,1,183685,trajectories,0
latour_2013_aime_en,latour,trajectory_pass,trajectories,1,186820,trajectories,0
latour_2013_aime_en,latour,trajectory_pass,discontinuities,1,201337,discontinuities,0
latour_2013_aime_en,latour,trajectory_pass,trajectories,1,201374,trajectories,0
latour_2013_aime_en,latour,trajectory_pass,discontinuities,1,201409,discontinuities,0
latour_2013_aime_en,latour,trajectory_pass,discontinuities,1,201577,discontinuities,0
latour_2013_aime_en,latour,trajectory_pass,trajectory,1,204913,trajectory,0
latour_2013_aime_en,latour,trajectory_pass,course of action,1,207547,course of action,0
latour_2013_aime_en,latour,trajectory_pass,trajectory,1,212694,trajectory,0
latour_2013_aime_en,latour,trajectory_pass,trajectories,1,213544,trajectories,0
latour_2013_aime_en,latour,trajectory_pass,trajectory,1,224665,trajectory,0
latour_2013_aime_en,latour,trajectory_pass,continuity,1,224690,continuity,0
latour_2013_aime_en,latour,trajectory_pass,discontinuities,1,224759,discontinuities,0
latour_2013_aime_en,latour,trajectory_pass,continuities,1,225027,continuities,0
latour_2013_aime_en,latour,trajectory_pass,discontinuities,1,225044,discontinuities,0
latour_2013_aime_en,latour,trajectory_pass,leap,1,225203,leap,0
latour_2013_aime_en,latour,trajectory_pass,trajectories,1,226243,trajectories,0
latour_2013_aime_en,latour,trajectory_pass,continuity,1,228470,continuity,0
latour_2013_aime_en,latour,trajectory_pass,continuity,1,229923,continuity,0
latour_2013_aime_en,latour,trajectory_pass,discontinuity,1,231779,discontinuity,0
latour_2013_aime_en,latour,trajectory_pass,continuity,1,231833,continuity,0
latour_2013_aime_en,latour,trajectory_pass,trajectory,1,235979,trajectory,0
latour_2013_aime_en,latour,trajectory_pass,discontinuity,1,237391,discontinuity,0
latour_2013_aime_en,latour,trajectory_pass,continuity,1,239477,continuity,0
latour_2013_aime_en,latour,trajectory_pass,leap,1,240198,leap,0
latour_2013_aime_en,latour,trajectory_pass,discontinuities,1,246258,discontinuities,0
latour_2013_aime_en,latour,trajectory_pass,leaps,1,246303,leaps,0
latour_2013_aime_en,latour,trajectory_pass,continuity,1,246393,continuity,0
latour_2013_aime_en,latour,trajectory_pass,hiatus,1,249706,hiatus,0
latour_2013_aime_en,latour,trajectory_pass,leap,1,249724,leap,0
latour_2013_aime_en,latour,trajectory_pass,continuity,1,249820,continuity,0
latour_2013_aime_en,latour,trajectory_pass,discontinuities,1,249839,discontinuities,0
latour_2013_aime_en,latour,trajectory_pass,trajectories,1,250877,trajectories,0
latour_2013_aime_en,latour,trajectory_pass,leap,1,251728,leap,0
latour_2013_aime_en,latour,trajectory_pass,discontinuity,1,251814,discontinuity,0
latour_2013_aime_en,latour,trajectory_pass,trajectories,1,253164,trajectories,0
latour_2013_aime_en,latour,trajectory_pass,trajectories,1,254480,trajectories,0
latour_2013_aime_en,latour,trajectory_pass,trajectories,1,257064,trajectories,0
latour_2013_aime_en,latour,trajectory_pass,trajectory,1,258151,trajectory,0
latour_2013_aime_en,latour,trajectory_pass,trajectory,1,260923,trajectory,0
latour_2013_aime_en,latour,trajectory_pass,trajectories,1,260974,trajectories,0
latour_2013_aime_en,latour,trajectory_pass,trajectories,1,263790,trajectories,0
latour_2013_aime_en,latour,trajectory_pass,hiatus,1,267029,hiatus,0
latour_2013_aime_en,latour,trajectory_pass,leap,1,267195,leap,0
latour_2013_aime_en,latour,trajectory_pass,discontinuity,1,275694,discontinuity,0
latour_2013_aime_en,latour,trajectory_pass,hiatus,1,278049,hiatus,0
latour_2013_aime_en,latour,trajectory_pass,trajectory,1,278240,trajectory,0
latour_2013_aime_en,latour,trajectory_pass,hiatus,1,278472,hiatus,0
latour_2013_aime_en,latour,trajectory_pass,trajectory,1,278700,trajectory,0
latour_2013_aime_en,latour,trajectory_pass,trajectory,1,278792,trajectory,0
latour_2013_aime_en,latour,trajectory_pass,discontinuities,1,282224,discontinuities,0
latour_2013_aime_en,latour,trajectory_pass,discontinuities,1,282470,discontinuities,0
latour_2013_aime_en,latour,trajectory_pass,leap,1,283831,leap,0
latour_2013_aime_en,latour,trajectory_pass,hiatus,1,283840,hiatus,0
latour_2013_aime_en,latour,trajectory_pass,discontinuities,1,284398,discontinuities,0
latour_2013_aime_en,latour,trajectory_pass,trajectory,1,288504,trajectory,0
latour_2013_aime_en,latour,trajectory_pass,hiatus,1,289537,hiatus,0
latour_2013_aime_en,latour,trajectory_pass,trajectories,1,290332,trajectories,0
latour_2013_aime_en,latour,trajectory_pass,trajectory,1,294015,trajectory,0
latour_2013_aime_en,latour,trajectory_pass,trajectory,1,296152,trajectory,0
latour_2013_aime_en,latour,trajectory_pass,trajectories,1,296271,trajectories,0
latour_2013_aime_en,latour,trajectory_pass,discontinuity,1,296601,discontinuity,0
latour_2013_aime_en,latour,trajectory_pass,hiatus,1,296618,hiatus,0
latour_2013_aime_en,latour,trajectory_pass,leap,1,296632,leap,0
latour_2013_aime_en,latour,trajectory_pass,discontinuity,1,296657,discontinuity,0
latour_2013_aime_en,latour,trajectory_pass,leap,1,296874,leap,0
latour_2013_aime_en,latour,trajectory_pass,hiatus,1,298269,hiatus,0
latour_2013_aime_en,latour,trajectory_pass,hiatus,1,299058,hiatus,0
latour_2013_aime_en,latour,trajectory_pass,leap,1,299078,leap,0
latour_2013_aime_en,latour,trajectory_pass,leap,1,299115,leap,0
latour_2013_aime_en,latour,trajectory_pass,hiatus,1,301661,hiatus,0
latour_2013_aime_en,latour,trajectory_pass,continuity,1,302830,continuity,0
latour_2013_aime_en,latour,trajectory_pass,hiatus,1,302965,hiatus,0
latour_2013_aime_en,latour,trajectory_pass,trajectories,1,303716,trajectories,0
latour_2013_aime_en,latour,trajectory_pass,leaps,1,304159,leaps,0
latour_2013_aime_en,latour,trajectory_pass,leap,1,313151,leap,0
latour_2013_aime_en,latour,trajectory_pass,continuity,1,315010,continuity,0
latour_2013_aime_en,latour,trajectory_pass,discontinuities,1,315042,discontinuities,0
latour_2013_aime_en,latour,trajectory_pass,hiatus,1,317087,hiatus,0
latour_2013_aime_en,latour,trajectory_pass,continuity,1,319435,continuity,0
latour_2013_aime_en,latour,trajectory_pass,discontinuities,1,325860,discontinuities,0
latour_2013_aime_en,latour,trajectory_pass,continuity,1,325893,continuity,0
latour_2013_aime_en,latour,trajectory_pass,discontinuities,1,326045,discontinuities,0
latour_2013_aime_en,latour,trajectory_pass,trajectories,1,326752,trajectories,0
latour_2013_aime_en,latour,trajectory_pass,leap,1,326892,leap,0
latour_2013_aime_en,latour,trajectory_pass,discontinuities,1,326953,discontinuities,0
latour_2013_aime_en,latour,trajectory_pass,hiatus,1,327202,hiatus,0
latour_2013_aime_en,latour,trajectory_pass,continuity,1,327517,continuity,0
latour_2013_aime_en,latour,trajectory_pass,leap,1,327579,leap,0
latour_2013_aime_en,latour,trajectory_pass,discontinuities,1,327593,discontinuities,0
latour_2013_aime_en,latour,trajectory_pass,leaps,1,328715,leaps,0
latour_2013_aime_en,latour,trajectory_pass,trajectories,1,337300,trajectories,0
latour_2013_aime_en,latour,trajectory_pass,hiatus,1,347551,hiatus,0
latour_2013_aime_en,latour,trajectory_pass,continuity,1,347572,continuity,0
latour_2013_aime_en,latour,trajectory_pass,discontinuities,1,347729,discontinuities,0
latour_2013_aime_en,latour,trajectory_pass,leap,1,349462,leap,0
latour_2013_aime_en,latour,trajectory_pass,continuity,1,349488,continuity,0
latour_2013_aime_en,latour,trajectory_pass,hiatus,1,349504,hiatus,0
latour_2013_aime_en,latour,trajectory_pass,leaps,1,352088,leaps,0
latour_2013_aime_en,latour,trajectory_pass,discontinuities,1,352095,discontinuities,0
latour_2013_aime_en,latour,trajectory_pass,hiatus,1,364035,hiatus,0
latour_2013_aime_en,latour,trajectory_pass,discontinuities,1,371259,discontinuities,0
latour_2013_aime_en,latour,trajectory_pass,discontinuity,1,382803,discontinuity,0
latour_2013_aime_en,latour,trajectory_pass,hiatus,1,382823,hiatus,0
latour_2013_aime_en,latour,trajectory_pass,continuity,1,382887,continuity,0
latour_2013_aime_en,latour,trajectory_pass,trajectory,1,382942,trajectory,0
latour_2013_aime_en,latour,trajectory_pass,trajectory,1,386575,trajectory,0
latour_2013_aime_en,latour,trajectory_pass,hiatus,1,386746,hiatus,0
latour_2013_aime_en,latour,trajectory_pass,hiatus,1,386848,hiatus,0
latour_2013_aime_en,latour,trajectory_pass,discontinuities,1,387693,discontinuities,0
latour_2013_aime_en,latour,trajectory_pass,continuity,1,389716,continuity,0
latour_2013_aime_en,latour,trajectory_pass,discontinuities,1,389794,discontinuities,0
latour_2013_aime_en,latour,trajectory_pass,leap,1,390151,leap,0
latour_2013_aime_en,latour,trajectory_pass,continuities,1,395607,continuities,0
latour_2013_aime_en,latour,trajectory_pass,hiatus,1,397205,hiatus,0
latour_2013_aime_en,latour,trajectory_pass,discontinuity,1,397217,discontinuity,0
latour_2013_aime_en,latour,trajectory_pass,trajectories,1,408475,trajectories,0
latour_2013_aime_en,latour,trajectory_pass,trajectory,1,420658,trajectory,0
latour_2013_aime_en,latour,trajectory_pass,hiatus,1,421469,hiatus,0
latour_2013_aime_en,latour,trajectory_pass,trajectories,1,438068,trajectories,0
latour_2013_aime_en,latour,trajectory_pass,continuity,1,441458,continuity,0
latour_2013_aime_en,latour,trajectory_pass,discontinuity,1,441493,discontinuity,0
latour_2013_aime_en,latour,trajectory_pass,continuity,1,443311,continuity,0
latour_2013_aime_en,latour,trajectory_pass,trajectories,1,460481,trajectories,0
latour_2013_aime_en,latour,trajectory_pass,continuity,1,461592,continuity,0
latour_2013_aime_en,latour,trajectory_pass,discontinuities,1,461700,discontinuities,0
latour_2013_aime_en,latour,trajectory_pass,trajectories,1,462214,trajectories,0
latour_2013_aime_en,latour,trajectory_pass,continuity,1,462556,continuity,0
latour_2013_aime_en,latour,trajectory_pass,leap,1,462597,leap,0
latour_2013_aime_en,latour,trajectory_pass,leap,1,462694,leap,0
latour_2013_aime_en,latour,trajectory_pass,continuity,1,463058,continuity,0
latour_2013_aime_en,latour,trajectory_pass,continuity,1,463232,continuity,0
latour_2013_aime_en,latour,trajectory_pass,discontinuities,1,463296,discontinuities,0
latour_2013_aime_en,latour,trajectory_pass,leap,1,463485,leap,0
latour_2013_aime_en,latour,trajectory_pass,leap,1,463501,leap,0
latour_2013_aime_en,latour,trajectory_pass,leap,1,463859,leap,0
latour_2013_aime_en,latour,trajectory_pass,leap,1,463990,leap,0
latour_2013_aime_en,latour,trajectory_pass,hiatus,1,463998,hiatus,0
latour_2013_aime_en,latour,trajectory_pass,continuity,1,464031,continuity,0
latour_2013_aime_en,latour,trajectory_pass,trajectory,1,464250,trajectory,0
latour_2013_aime_en,latour,trajectory_pass,trajectories,1,473613,trajectories,0
latour_2013_aime_en,latour,trajectory_pass,trajectory,1,479148,trajectory,0
latour_2013_aime_en,latour,trajectory_pass,continuity,1,500466,continuity,0
latour_2013_aime_en,latour,trajectory_pass,trajectories,1,502455,trajectories,0
latour_2013_aime_en,latour,trajectory_pass,leaps,1,505850,leaps,0
latour_2013_aime_en,latour,trajectory_pass,continuity,1,513647,continuity,0
latour_2013_aime_en,latour,trajectory_pass,trajectory,1,513661,trajectory,0
latour_2013_aime_en,latour,trajectory_pass,discontinuity,1,513724,discontinuity,0
latour_2013_aime_en,latour,trajectory_pass,hiatus,1,513741,hiatus,0
latour_2013_aime_en,latour,trajectory_pass,discontinuity,1,514296,discontinuity,0
latour_2013_aime_en,latour,trajectory_pass,continuity,1,514314,continuity,0
latour_2013_aime_en,latour,trajectory_pass,continuity,1,552722,continuity,0
latour_2013_aime_en,latour,trajectory_pass,continuity,1,553281,continuity,0
latour_2013_aime_en,latour,trajectory_pass,leaps,1,553312,leaps,0
latour_2013_aime_en,latour,trajectory_pass,discontinuity,1,553372,discontinuity,0
latour_2013_aime_en,latour,trajectory_pass,continuity,1,565113,continuity,0
latour_2013_aime_en,latour,trajectory_pass,hiatus,1,566340,hiatus,0
latour_2013_aime_en,latour,trajectory_pass,trajectory,1,566383,trajectory,0
latour_2013_aime_en,latour,trajectory_pass,trajectories,1,569989,trajectories,0
latour_2013_aime_en,latour,trajectory_pass,continuity,1,572338,continuity,0
latour_2013_aime_en,latour,trajectory_pass,hiatus,1,585475,hiatus,0
latour_2013_aime_en,latour,trajectory_pass,"course of
             action",1,585503,"course of
             action",0
latour_2013_aime_en,latour,trajectory_pass,leap,1,585833,leap,0
latour_2013_aime_en,latour,trajectory_pass,continuity,1,586015,Continuity,0
latour_2013_aime_en,latour,trajectory_pass,"course
of action",1,587282,"course
of action",0
latour_2013_aime_en,latour,trajectory_pass,discontinuity,1,587317,discontinuity,0
latour_2013_aime_en,latour,trajectory_pass,leaps,1,588638,leaps,0
latour_2013_aime_en,latour,trajectory_pass,course of action,1,591607,course of action,0
latour_2013_aime_en,latour,trajectory_pass,discontinuities,1,592959,discontinuities,0
latour_2013_aime_en,latour,trajectory_pass,continuity,1,593002,continuity,0
latour_2013_aime_en,latour,trajectory_pass,discontinuity,1,596101,discontinuity,0
latour_2013_aime_en,latour,trajectory_pass,course of action,1,596202,course of action,0
latour_2013_aime_en,latour,trajectory_pass,course of action,1,596332,course of action,0
latour_2013_aime_en,latour,trajectory_pass,hiatus,1,599985,hiatus,0
latour_2013_aime_en,latour,trajectory_pass,trajectories,1,601124,trajectories,0
latour_2013_aime_en,latour,trajectory_pass,hiatus,1,616971,hiatus,0
latour_2013_aime_en,latour,trajectory_pass,trajectory,1,619311,trajectory,0
latour_2013_aime_en,latour,trajectory_pass,trajectory,1,619539,trajectory,0
latour_2013_aime_en,latour,trajectory_pass,trajectory,1,620201,trajectory,0
latour_2013_aime_en,latour,trajectory_pass,leap,1,623792,leap,0
latour_2013_aime_en,latour,trajectory_pass,continuity,1,625109,continuity,0
latour_2013_aime_en,latour,trajectory_pass,trajectory,1,632239,trajectory,0
latour_2013_aime_en,latour,trajectory_pass,discontinuities,1,634174,discontinuities,0
latour_2013_aime_en,latour,trajectory_pass,trajectory,1,647902,trajectory,0
latour_2013_aime_en,latour,trajectory_pass,leap,1,655243,leap,0
latour_2013_aime_en,latour,trajectory_pass,hiatus,1,655251,hiatus,0
latour_2013_aime_en,latour,trajectory_pass,trajectory,1,655451,trajectory,0
latour_2013_aime_en,latour,trajectory_pass,course of action,1,655563,course of action,0
latour_2013_aime_en,latour,trajectory_pass,trajectory,1,657269,trajectory,0
latour_2013_aime_en,latour,trajectory_pass,trajectories,1,657615,trajectories,0
latour_2013_aime_en,latour,trajectory_pass,trajectory,1,669028,trajectory,0
latour_2013_aime_en,latour,trajectory_pass,trajectory,1,672690,trajectory,0
latour_2013_aime_en,latour,trajectory_pass,trajectory,1,672735,trajectory,0
latour_2013_aime_en,latour,trajectory_pass,trajectories,1,673321,trajectories,0
latour_2013_aime_en,latour,trajectory_pass,trajectory,1,674242,trajectory,0
latour_2013_aime_en,latour,trajectory_pass,continuity,1,689752,continuity,0
latour_2013_aime_en,latour,trajectory_pass,trajectories,1,705926,trajectories,0
latour_2013_aime_en,latour,trajectory_pass,course of action,1,706134,course of action,0
latour_2013_aime_en,latour,trajectory_pass,hiatus,1,706839,hiatus,0
latour_2013_aime_en,latour,trajectory_pass,hiatus,1,709491,hiatus,0
latour_2013_aime_en,latour,trajectory_pass,continuity,1,714246,continuity,0
latour_2013_aime_en,latour,trajectory_pass,hiatus,1,715838,hiatus,0
latour_2013_aime_en,latour,trajectory_pass,continuities,1,716233,continuities,0
latour_2013_aime_en,latour,trajectory_pass,continuity,1,722314,continuity,0
latour_2013_aime_en,latour,trajectory_pass,trajectory,1,728374,trajectory,0
latour_2013_aime_en,latour,trajectory_pass,trajectory,1,732780,trajectory,0
latour_2013_aime_en,latour,trajectory_pass,hiatus,1,733170,hiatus,0
latour_2013_aime_en,latour,trajectory_pass,hiatus,1,733616,hiatus,0
latour_2013_aime_en,latour,trajectory_pass,discontinuity,1,733627,discontinuity,0
latour_2013_aime_en,latour,trajectory_pass,leap,1,733846,leap,0
latour_2013_aime_en,latour,trajectory_pass,discontinuity,1,733855,discontinuity,0
latour_2013_aime_en,latour,trajectory_pass,continuity,1,734409,continuity,0
latour_2013_aime_en,latour,trajectory_pass,continuity,1,734934,continuity,0
latour_2013_aime_en,latour,trajectory_pass,continuity,1,736075,continuity,0
latour_2013_aime_en,latour,trajectory_pass,leap,1,736112,leap,0
latour_2013_aime_en,latour,trajectory_pass,discontinuities,1,736124,discontinuities,0
latour_2013_aime_en,latour,trajectory_pass,discontinuities,1,736750,discontinuities,0
latour_2013_aime_en,latour,trajectory_pass,continuities,1,738497,continuities,0
latour_2013_aime_en,latour,trajectory_pass,discontinuity,1,739600,discontinuity,0
latour_2013_aime_en,latour,trajectory_pass,leap,1,739617,leap,0
latour_2013_aime_en,latour,trajectory_pass,continuities,1,739790,continuities,0
latour_2013_aime_en,latour,trajectory_pass,continuity,1,739868,continuity,0
latour_2013_aime_en,latour,trajectory_pass,discontinuities,1,740282,discontinuities,0
latour_2013_aime_en,latour,trajectory_pass,course of action,1,742401,course of action,0
latour_2013_aime_en,latour,trajectory_pass,course of action,1,742688,course of action,0
latour_2013_aime_en,latour,trajectory_pass,continuity,1,746549,continuity,0
latour_2013_aime_en,latour,trajectory_pass,trajectories,1,747509,trajectories,0
latour_2013_aime_en,latour,trajectory_pass,continuity,1,751281,continuity,0
latour_2013_aime_en,latour,trajectory_pass,continuity,1,751544,continuity,0
latour_2013_aime_en,latour,trajectory_pass,continuity,1,751686,continuity,0
latour_2013_aime_en,latour,trajectory_pass,discontinuity,1,751729,discontinuity,0
latour_2013_aime_en,latour,trajectory_pass,continuity,1,752288,continuity,0
latour_2013_aime_en,latour,trajectory_pass,continuity,1,752672,continuity,0
latour_2013_aime_en,latour,trajectory_pass,course of action,1,754716,course of action,0
latour_2013_aime_en,latour,trajectory_pass,discontinuities,1,758167,discontinuities,0
latour_2013_aime_en,latour,trajectory_pass,course of action,1,767982,course of action,0
latour_2013_aime_en,latour,trajectory_pass,continuity,1,770387,continuity,0
latour_2013_aime_en,latour,trajectory_pass,continuity,1,771444,continuity,0
latour_2013_aime_en,latour,trajectory_pass,continuity,1,772269,continuity,0
latour_2013_aime_en,latour,trajectory_pass,leap,1,773170,leap,0
latour_2013_aime_en,latour,trajectory_pass,continuity,1,777419,continuity,0
latour_2013_aime_en,latour,trajectory_pass,trajectory,1,780784,trajectory,0
latour_2013_aime_en,latour,trajectory_pass,continuity,1,781153,continuity,0
latour_2013_aime_en,latour,trajectory_pass,discontinuities,1,781172,discontinuities,0
latour_2013_aime_en,latour,trajectory_pass,continuity,1,781558,continuity,0
latour_2013_aime_en,latour,trajectory_pass,hiatus,1,781952,hiatus,0
latour_2013_aime_en,latour,trajectory_pass,hiatus,1,783457,hiatus,0
latour_2013_aime_en,latour,trajectory_pass,hiatus,1,784558,hiatus,0
latour_2013_aime_en,latour,trajectory_pass,course of action,1,787168,course of action,0
latour_2013_aime_en,latour,trajectory_pass,leap,1,795017,leap,0
latour_2013_aime_en,latour,trajectory_pass,trajectory,1,797302,trajectory,0
latour_2013_aime_en,latour,trajectory_pass,hiatus,1,800974,hiatus,0
latour_2013_aime_en,latour,trajectory_pass,hiatus,1,826104,hiatus,0
latour_2013_aime_en,latour,trajectory_pass,hiatus,1,826719,hiatus,0
latour_2013_aime_en,latour,trajectory_pass,continuity,1,830586,continuity,0
latour_2013_aime_en,latour,trajectory_pass,trajectory,1,839551,trajectory,0
latour_2013_aime_en,latour,trajectory_pass,hiatus,1,839662,hiatus,0
latour_2013_aime_en,latour,trajectory_pass,continuity,1,844711,Continuity,0
latour_2013_aime_en,latour,trajectory_pass,discontinuity,1,844788,discontinuity,0
latour_2013_aime_en,latour,trajectory_pass,discontinuities,1,845053,discontinuities,0
latour_2013_aime_en,latour,trajectory_pass,discontinuity,1,845246,discontinuity,0
latour_2013_aime_en,latour,trajectory_pass,continuity,1,845366,continuity,0
latour_2013_aime_en,latour,trajectory_pass,discontinuity,1,847878,discontinuity,0
latour_2013_aime_en,latour,trajectory_pass,discontinuity,1,849058,discontinuity,0
latour_2013_aime_en,latour,trajectory_pass,continuity,1,854204,continuity,0
latour_2013_aime_en,latour,trajectory_pass,discontinuity,1,854220,discontinuity,0
latour_2013_aime_en,latour,trajectory_pass,continuity,1,854714,continuity,0
latour_2013_aime_en,latour,trajectory_pass,trajectory,1,856104,trajectory,0
latour_2013_aime_en,latour,trajectory_pass,discontinuities,1,877668,discontinuities,0
latour_2013_aime_en,latour,trajectory_pass,hiatus,1,883335,hiatus,0
latour_2013_aime_en,latour,trajectory_pass,trajectory,1,883488,trajectory,0
latour_2013_aime_en,latour,trajectory_pass,hiatus,1,883625,hiatus,0
latour_2013_aime_en,latour,trajectory_pass,trajectory,1,912541,trajectory,0
latour_2013_aime_en,latour,trajectory_pass,trajectory,1,915130,trajectory,0
latour_2013_aime_en,latour,trajectory_pass,course of action,1,916524,course of action,0
latour_2013_aime_en,latour,trajectory_pass,trajectory,1,919779,trajectory,0
latour_2013_aime_en,latour,trajectory_pass,hiatus,1,928626,hiatus,0
latour_2013_aime_en,latour,trajectory_pass,hiatus,1,929243,hiatus,0
latour_2013_aime_en,latour,trajectory_pass,hiatus,1,929842,hiatus,0
latour_2013_aime_en,latour,trajectory_pass,trajectory,1,931752,trajectory,0
latour_2013_aime_en,latour,trajectory_pass,hiatus,1,934181,hiatus,0
latour_2013_aime_en,latour,trajectory_pass,discontinuity,1,934189,discontinuity,0
latour_2013_aime_en,latour,trajectory_pass,discontinuities,1,934210,discontinuities,0
latour_2013_aime_en,latour,trajectory_pass,discontinuity,1,935254,discontinuity,0
latour_2013_aime_en,latour,trajectory_pass,hiatus,1,935384,hiatus,0
latour_2013_aime_en,latour,trajectory_pass,continuity,1,936411,continuity,0
latour_2013_aime_en,latour,trajectory_pass,hiatus,1,938054,hiatus,0
latour_2013_aime_en,latour,trajectory_pass,discontinuity,1,938414,discontinuity,0
latour_2013_aime_en,latour,trajectory_pass,hiatus,1,941209,hiatus,0
latour_2013_aime_en,latour,trajectory_pass,trajectory,1,941283,trajectory,0
latour_2013_aime_en,latour,trajectory_pass,leap,1,944527,leap,0
latour_2013_aime_en,latour,trajectory_pass,continuity,1,948308,continuity,0
latour_2013_aime_en,latour,trajectory_pass,continuity,1,949244,continuity,0
latour_2013_aime_en,latour,trajectory_pass,leaps,1,949292,leaps,0
latour_2013_aime_en,latour,trajectory_pass,leap,1,949350,leap,0
latour_2013_aime_en,latour,trajectory_pass,leaps,1,949855,leaps,0
latour_2013_aime_en,latour,trajectory_pass,continuity,1,972793,continuity,0
latour_2013_aime_en,latour,trajectory_pass,discontinuities,1,972823,discontinuities,0
latour_2013_aime_en,latour,trajectory_pass,hiatus,1,982943,hiatus,0
latour_2013_aime_en,latour,trajectory_pass,trajectory,1,982995,trajectory,0
latour_2013_aime_en,latour,trajectory_pass,leaps,1,983021,leaps,0
latour_2013_aime_en,latour,trajectory_pass,continuity,1,983181,continuity,0
latour_2013_aime_en,latour,trajectory_pass,leap,1,990463,leap,0
latour_2013_aime_en,latour,trajectory_pass,hiatus,1,991427,hiatus,0
latour_2013_aime_en,latour,trajectory_pass,continuity,1,991678,continuity,0
latour_2013_aime_en,latour,trajectory_pass,course of action,1,991788,course of action,0
latour_2013_aime_en,latour,trajectory_pass,discontinuity,1,991855,discontinuity,0
latour_2013_aime_en,latour,trajectory_pass,discontinuities,1,992075,discontinuities,0
latour_2013_aime_en,latour,trajectory_pass,continuity,1,993760,continuity,0
latour_2013_aime_en,latour,trajectory_pass,discontinuity,1,993779,discontinuity,0
latour_2013_aime_en,latour,trajectory_pass,"course of
action",1,994254,"course of
action",0
latour_2013_aime_en,latour,trajectory_pass,continuity,1,994297,continuity,0
latour_2013_aime_en,latour,trajectory_pass,discontinuities,1,995664,discontinuities,0
latour_2013_aime_en,latour,trajectory_pass,continuity,1,995695,continuity,0
latour_2013_aime_en,latour,trajectory_pass,continuity,1,996012,continuity,0
latour_2013_aime_en,latour,trajectory_pass,leaps,1,997547,leaps,0
latour_2013_aime_en,latour,trajectory_pass,trajectories,1,998089,trajectories,0
latour_2013_aime_en,latour,trajectory_pass,continuities,1,1000237,continuities,0
latour_2013_aime_en,latour,trajectory_pass,continuity,1,1003276,continuity,0
latour_2013_aime_en,latour,trajectory_pass,leaps,1,1016071,leaps,0
latour_2013_aime_en,latour,trajectory_pass,trajectory,1,1045592,trajectory,0
latour_2013_aime_en,latour,trajectory_pass,course of action,1,1046148,course of action,0
latour_2013_aime_en,latour,trajectory_pass,course of action,1,1049243,course of action,0
latour_2013_aime_en,latour,trajectory_pass,trajectories,1,1049896,trajectories,0
latour_2013_aime_en,latour,trajectory_pass,trajectory,1,1055598,trajectory,0
latour_2013_aime_en,latour,trajectory_pass,continuity,1,1055614,continuity,0
latour_2013_aime_en,latour,trajectory_pass,hiatus,1,1055698,hiatus,0
latour_2013_aime_en,latour,trajectory_pass,continuity,1,1056379,continuity,0
latour_2013_aime_en,latour,trajectory_pass,discontinuities,1,1056436,discontinuities,0
latour_2013_aime_en,latour,trajectory_pass,hiatus,1,1058672,hiatus,0
latour_2013_aime_en,latour,trajectory_pass,continuity,1,1065292,continuity,0
latour_2013_aime_en,latour,trajectory_pass,continuity,1,1066170,continuity,0
latour_2013_aime_en,latour,trajectory_pass,continuity,1,1067535,continuity,0
latour_2013_aime_en,latour,trajectory_pass,hiatus,1,1068627,hiatus,0
latour_2013_aime_en,latour,trajectory_pass,continuities,1,1068729,continuities,0
latour_2013_aime_en,latour,trajectory_pass,continuity,1,1076464,continuity,0
latour_2013_aime_en,latour,trajectory_pass,continuity,1,1077820,continuity,0
latour_2013_aime_en,latour,trajectory_pass,course of action,1,1078040,course of action,0
latour_2013_aime_en,latour,trajectory_pass,trajectory,1,1079461,trajectory,0
latour_2013_aime_en,latour,trajectory_pass,course of action,1,1079957,course of action,0
latour_2013_aime_en,latour,trajectory_pass,course of action,1,1092918,course of action,0
latour_2013_aime_en,latour,trajectory_pass,trajectories,1,1097387,trajectories,0
latour_2013_aime_en,latour,trajectory_pass,trajectories,1,1098454,trajectories,0
latour_2013_aime_en,latour,trajectory_pass,trajectory,1,1110294,trajectory,0
latour_2013_aime_en,latour,trajectory_pass,leap,1,1112442,leap,0
latour_2013_aime_en,latour,trajectory_pass,course of action,1,1133676,course of action,0
latour_2013_aime_en,latour,trajectory_pass,course of action,1,1134154,course of action,0
latour_2013_aime_en,latour,trajectory_pass,course of action,1,1143774,course of action,0
latour_2013_aime_en,latour,trajectory_pass,continuity,1,1147395,continuity,0
latour_2013_aime_en,latour,trajectory_pass,"course of
        action",1,1147443,"course of
        action",0
latour_2013_aime_en,latour,trajectory_pass,discontinuity,1,1147839,discontinuity,0
latour_2013_aime_en,latour,trajectory_pass,discontinuities,1,1156319,discontinuities,0
latour_2013_aime_en,latour,trajectory_pass,continuity,1,1156380,continuity,0
latour_2013_aime_en,latour,trajectory_pass,leap,1,1162945,leap,0
latour_2013_aime_en,latour,trajectory_pass,hiatus,1,1162955,hiatus,0
latour_2013_aime_en,latour,trajectory_pass,continuity,1,1170424,continuity,0
latour_2013_aime_en,latour,trajectory_pass,discontinuity,1,1170478,discontinuity,0
latour_2013_aime_en,latour,trajectory_pass,discontinuities,1,1171928,discontinuities,0
latour_2013_aime_en,latour,trajectory_pass,leap,1,1180393,leap,0
latour_2013_aime_en,latour,trajectory_pass,leap,1,1180584,leap,0
latour_2013_aime_en,latour,trajectory_pass,discontinuities,1,1180783,discontinuities,0
latour_2013_aime_en,latour,trajectory_pass,discontinuities,1,1186680,discontinuities,0
latour_2013_aime_en,latour,trajectory_pass,leap,1,1188680,leap,0
latour_2013_aime_en,latour,trajectory_pass,leap,1,1188894,leap,0
latour_2013_aime_en,latour,trajectory_pass,course of action,1,1214007,course of action,0
latour_2013_aime_en,latour,trajectory_pass,hiatus,1,1225622,hiatus,0
latour_2013_aime_en,latour,trajectory_pass,leap,1,1232165,leap,0
latour_2013_aime_en,latour,trajectory_pass,trajectory,1,1237127,trajectory,0
latour_2013_aime_en,latour,trajectory_pass,trajectories,1,1272368,trajectories,0
latour_2013_aime_en,latour,trajectory_pass,trajectory,1,1286985,trajectory,0
latour_2013_aime_en,latour,trajectory_pass,hiatus,1,1297209,hiatus,0
latour_2013_aime_en,latour,trajectory_pass,trajectory,1,1297249,trajectory,0
latour_2013_aime_en,latour,trajectory_pass,continuity,1,1298175,continuity,0
latour_2013_aime_en,latour,trajectory_pass,hiatus,1,1299771,hiatus,0
latour_2013_aime_en,latour,trajectory_pass,trajectory,1,1299787,trajectory,0
latour_2013_aime_en,latour,trajectory_pass,continuities,1,1300068,continuities,0
latour_2013_aime_en,latour,trajectory_pass,continuity,1,1301442,continuity,0
latour_2013_aime_en,latour,institution,institutions,1,2987,Institutions,0
latour_2013_aime_en,latour,institution,institutions,1,5724,institutions,0
latour_2013_aime_en,latour,institution,institution,1,18620,institution,0
latour_2013_aime_en,latour,institution,institutions,1,20864,institutions,0
latour_2013_aime_en,latour,institution,institution,1,23398,institution,0
latour_2013_aime_en,latour,institution,institution,1,24497,institution,0
latour_2013_aime_en,latour,institution,institutions,1,33256,institutions,0
latour_2013_aime_en,latour,institution,institutions,1,37590,institutions,0
latour_2013_aime_en,latour,institution,institutions,1,43767,institutions,0
latour_2013_aime_en,latour,institution,institute,1,43967,institute,0
latour_2013_aime_en,latour,institution,institutions,1,44676,Institutions,0
latour_2013_aime_en,latour,institution,institutions,1,47421,Institutions,0
latour_2013_aime_en,latour,institution,institution,1,47884,institution,0
latour_2013_aime_en,latour,institution,institution,1,48669,institution,0
latour_2013_aime_en,latour,institution,institution,1,49110,institution,0
latour_2013_aime_en,latour,institution,institution,1,49482,institution,0
latour_2013_aime_en,latour,institution,institution,1,50105,institution,0
latour_2013_aime_en,latour,institution,institution,1,50767,institution,0
latour_2013_aime_en,latour,institution,institutions,1,50816,institutions,0
latour_2013_aime_en,latour,institution,institutions,1,51468,institutions,0
latour_2013_aime_en,latour,institution,institution,1,52095,institution,0
latour_2013_aime_en,latour,institution,institution,1,52664,institution,0
latour_2013_aime_en,latour,institution,institutions,1,53004,Institutions,0
latour_2013_aime_en,latour,institution,institution,1,53634,institution,0
latour_2013_aime_en,latour,institution,institutions,1,53764,institutions,0
latour_2013_aime_en,latour,institution,institution,1,54166,institution,0
latour_2013_aime_en,latour,institution,institution,1,54615,institution,0
latour_2013_aime_en,latour,institution,institution,1,56584,institution,0
latour_2013_aime_en,latour,institution,institution,1,56895,institution,0
latour_2013_aime_en,latour,institution,institution,1,58099,institution,0
latour_2013_aime_en,latour,institution,institution,1,58167,institution,0
latour_2013_aime_en,latour,institution,institutions,1,58697,Institutions,0
latour_2013_aime_en,latour,institution,institutions,1,59765,institutions,0
latour_2013_aime_en,latour,institution,institution,1,59877,institution,0
latour_2013_aime_en,latour,institution,institutions,1,59978,institutions,0
latour_2013_aime_en,latour,institution,institution,1,61002,institution,0
latour_2013_aime_en,latour,institution,institutions,1,64124,Institutions,0
latour_2013_aime_en,latour,institution,institutions,1,69763,Institutions,0
latour_2013_aime_en,latour,institution,institution,1,71080,institution,0
latour_2013_aime_en,latour,institution,institutions,1,75081,Institutions,0
latour_2013_aime_en,latour,institution,institutions,1,80678,Institutions,0
latour_2013_aime_en,latour,institution,institutions,1,86151,Institutions,0
latour_2013_aime_en,latour,institution,institutions,1,91467,institutions,0
latour_2013_aime_en,latour,institution,institutions,1,91584,Institutions,0
latour_2013_aime_en,latour,institution,institutions,1,91729,institutions,0
latour_2013_aime_en,latour,institution,institutions,1,97114,Institutions,0
latour_2013_aime_en,latour,institution,institution,1,99625,institution,0
latour_2013_aime_en,latour,institution,institutions,1,102737,Institutions,0
latour_2013_aime_en,latour,institution,institution,1,103240,institution,0
latour_2013_aime_en,latour,institution,institute,1,103304,institute,0
latour_2013_aime_en,latour,institution,institutions,1,106508,institutions,0
latour_2013_aime_en,latour,institution,institution,1,110718,institution,0
latour_2013_aime_en,latour,institution,institutions,1,117658,institutions,0
latour_2013_aime_en,latour,institution,institutions,1,132830,institutions,0
latour_2013_aime_en,latour,institution,institutions,1,133821,institutions,0
latour_2013_aime_en,latour,institution,institution,1,134528,institution,0
latour_2013_aime_en,latour,institution,institution,1,149220,institution,0
latour_2013_aime_en,latour,institution,institution,1,149849,institution,0
latour_2013_aime_en,latour,institution,institutions,1,151248,institutions,0
latour_2013_aime_en,latour,institution,institution,1,151346,institution,0
latour_2013_aime_en,latour,institution,institution,1,152157,institution,0
latour_2013_aime_en,latour,institution,institution,1,153198,institution,0
latour_2013_aime_en,latour,institution,institution,1,153618,institution,0
latour_2013_aime_en,latour,institution,institution,1,153673,institution,0
latour_2013_aime_en,latour,institution,institution,1,154289,institution,0
latour_2013_aime_en,latour,institution,institution,1,155151,institution,0
latour_2013_aime_en,latour,institution,institutions,1,155606,institutions,0
latour_2013_aime_en,latour,institution,institutions,1,155754,institutions,0
latour_2013_aime_en,latour,institution,institution,1,156832,institution,0
latour_2013_aime_en,latour,institution,institutions,1,158307,institutions,0
latour_2013_aime_en,latour,institution,institutions,1,159541,institutions,0
latour_2013_aime_en,latour,institution,institution,1,163518,institution,0
latour_2013_aime_en,latour,institution,institution,1,163746,institution,0
latour_2013_aime_en,latour,institution,institution,1,170541,institution,0
latour_2013_aime_en,latour,institution,institutions,1,182475,institutions,0
latour_2013_aime_en,latour,institution,institution,1,182568,institution,0
latour_2013_aime_en,latour,institution,institution,1,194621,institution,0
latour_2013_aime_en,latour,institution,institution,1,196710,institution,0
latour_2013_aime_en,latour,institution,institution,1,198638,institution,0
latour_2013_aime_en,latour,institution,institution,1,205919,institution,0
latour_2013_aime_en,latour,institution,institutions,1,209102,institutions,0
latour_2013_aime_en,latour,institution,institutions,1,216821,institutions,0
latour_2013_aime_en,latour,institution,institution,1,218930,institution,0
latour_2013_aime_en,latour,institution,institutions,1,219109,institutions,0
latour_2013_aime_en,latour,institution,institute,1,243383,Institute,0
latour_2013_aime_en,latour,institution,instituted,1,270410,instituted,0
latour_2013_aime_en,latour,institution,institution,1,276816,institution,0
latour_2013_aime_en,latour,institution,institution,1,277210,institution,0
latour_2013_aime_en,latour,institution,institutions,1,281518,institutions,0
latour_2013_aime_en,latour,institution,institute,1,290586,institute,0
latour_2013_aime_en,latour,institution,institution,1,291232,institution,0
latour_2013_aime_en,latour,institution,institution,1,292685,institution,0
latour_2013_aime_en,latour,institution,institutions,1,301591,institutions,0
latour_2013_aime_en,latour,institution,institution,1,303462,institution,0
latour_2013_aime_en,latour,institution,institution,1,304440,institution,0
latour_2013_aime_en,latour,institution,institute,1,315277,institute,0
latour_2013_aime_en,latour,institution,institutes,1,331265,institutes,0
latour_2013_aime_en,latour,institution,institution,1,346145,institution,0
latour_2013_aime_en,latour,institution,institution,1,346373,institution,0
latour_2013_aime_en,latour,institution,institution,1,346772,institution,0
latour_2013_aime_en,latour,institution,institution,1,355839,institution,0
latour_2013_aime_en,latour,institution,institution,1,357285,institution,0
latour_2013_aime_en,latour,institution,institution,1,357490,institution,0
latour_2013_aime_en,latour,institution,institution,1,358202,institution,0
latour_2013_aime_en,latour,institution,institution,1,376314,institution,0
latour_2013_aime_en,latour,institution,institution,1,436243,institution,0
latour_2013_aime_en,latour,institution,instituting,1,438301,instituting,0
latour_2013_aime_en,latour,institution,institutions,1,443492,institutions,0
latour_2013_aime_en,latour,institution,instituting,1,470747,instituting,0
latour_2013_aime_en,latour,institution,instituted,1,473876,instituted,0
latour_2013_aime_en,latour,institution,institutions,1,484896,institutions,0
latour_2013_aime_en,latour,institution,institute,1,515742,institute,0
latour_2013_aime_en,latour,institution,institution,1,515935,Institution,0
latour_2013_aime_en,latour,institution,institution,1,520839,institution,0
latour_2013_aime_en,latour,institution,instituted,1,522009,instituted,0
latour_2013_aime_en,latour,institution,instituted,1,524082,instituted,0
latour_2013_aime_en,latour,institution,instituted,1,531280,instituted,0
latour_2013_aime_en,latour,institution,instituted,1,532152,instituted,0
latour_2013_aime_en,latour,institution,instituting,1,550787,instituting,0
latour_2013_aime_en,latour,institution,instituted,1,560827,instituted,0
latour_2013_aime_en,latour,institution,institution,1,570957,institution,0
latour_2013_aime_en,latour,institution,institutions,1,576591,institutions,0
latour_2013_aime_en,latour,institution,institute,1,594162,Institute,0
latour_2013_aime_en,latour,institution,institution,1,597564,institution,0
latour_2013_aime_en,latour,institution,institutions,1,646559,institutions,0
latour_2013_aime_en,latour,institution,institution,1,647445,institution,0
latour_2013_aime_en,latour,institution,institutions,1,658989,institutions,0
latour_2013_aime_en,latour,institution,institution,1,660965,institution,0
latour_2013_aime_en,latour,institution,institutions,1,662991,institutions,0
latour_2013_aime_en,latour,institution,institution,1,663517,institution,0
latour_2013_aime_en,latour,institution,institution,1,675773,institution,0
latour_2013_aime_en,latour,institution,institution,1,675807,institution,0
latour_2013_aime_en,latour,institution,institutions,1,715988,institutions,0
latour_2013_aime_en,latour,institution,instituted,1,718075,instituted,0
latour_2013_aime_en,latour,institution,institutions,1,718098,institutions,0
latour_2013_aime_en,latour,institution,institutions,1,718903,institutions,0
latour_2013_aime_en,latour,institution,institutions,1,719125,institutions,0
latour_2013_aime_en,latour,institution,institution,1,722516,institution,0
latour_2013_aime_en,latour,institution,institutions,1,765394,institutions,0
latour_2013_aime_en,latour,institution,institutions,1,765619,institutions,0
latour_2013_aime_en,latour,institution,instituted,1,765782,instituted,0
latour_2013_aime_en,latour,institution,institutions,1,766425,institutions,0
latour_2013_aime_en,latour,institution,institution,1,767059,institution,0
latour_2013_aime_en,latour,institution,institutions,1,768591,institutions,0
latour_2013_aime_en,latour,institution,instituting,1,768810,instituting,0
latour_2013_aime_en,latour,institution,institutions,1,769026,institutions,0
latour_2013_aime_en,latour,institution,institutions,1,769402,institutions,0
latour_2013_aime_en,latour,institution,institutions,1,769858,institutions,0
latour_2013_aime_en,latour,institution,institutions,1,770194,institutions,0
latour_2013_aime_en,latour,institution,institutions,1,770339,institutions,0
latour_2013_aime_en,latour,institution,institutions,1,770474,institutions,0
latour_2013_aime_en,latour,institution,institutions,1,772218,institutions,0
latour_2013_aime_en,latour,institution,instituted,1,772913,instituted,0
latour_2013_aime_en,latour,institution,institutions,1,773080,institutions,0
latour_2013_aime_en,latour,institution,institutions,1,773344,institutions,0
latour_2013_aime_en,latour,institution,instituted,1,773736,instituted,0
latour_2013_aime_en,latour,institution,instituted,1,774280,instituted,0
latour_2013_aime_en,latour,institution,institutions,1,774422,institutions,0
latour_2013_aime_en,latour,institution,institutions,1,774760,institutions,0
latour_2013_aime_en,latour,institution,institutions,1,775365,institutions,0
latour_2013_aime_en,latour,institution,institution,1,785588,institution,0
latour_2013_aime_en,latour,institution,institution,1,785677,institution,0
latour_2013_aime_en,latour,institution,instituted,1,792261,instituted,0
latour_2013_aime_en,latour,institution,institutions,1,796408,institutions,0
latour_2013_aime_en,latour,institution,institution,1,800236,institution,0
latour_2013_aime_en,latour,institution,institution,1,806403,institution,0
latour_2013_aime_en,latour,institution,institution,1,808004,institution,0
latour_2013_aime_en,latour,institution,instituting,1,808775,instituting,0
latour_2013_aime_en,latour,institution,institution,1,808836,institution,0
latour_2013_aime_en,latour,institution,institutions,1,813640,institutions,0
latour_2013_aime_en,latour,institution,institute,1,823914,institute,0
latour_2013_aime_en,latour,institution,institute,1,823937,institute,0
latour_2013_aime_en,latour,institution,institution,1,830790,institution,0
latour_2013_aime_en,latour,institution,institution,1,830886,institution,0
latour_2013_aime_en,latour,institution,institution,1,831081,institution,0
latour_2013_aime_en,latour,institution,institution,1,832614,institution,0
latour_2013_aime_en,latour,institution,instituted,1,836262,instituted,0
latour_2013_aime_en,latour,institution,institution,1,851812,institution,0
latour_2013_aime_en,latour,institution,institution,1,852096,institution,0
latour_2013_aime_en,latour,institution,institutions,1,852366,institutions,0
latour_2013_aime_en,latour,institution,institution,1,856490,institution,0
latour_2013_aime_en,latour,institution,institution,1,858950,institution,0
latour_2013_aime_en,latour,institution,institution,1,879224,institution,0
latour_2013_aime_en,latour,institution,institution,1,883137,institution,0
latour_2013_aime_en,latour,institution,institution,1,888534,institution,0
latour_2013_aime_en,latour,institution,institution,1,889236,institution,0
latour_2013_aime_en,latour,institution,institution,1,911311,institution,0
latour_2013_aime_en,latour,institution,institution,1,911963,institution,0
latour_2013_aime_en,latour,institution,institutions,1,941975,institutions,0
latour_2013_aime_en,latour,institution,institutions,1,944463,institutions,0
latour_2013_aime_en,latour,institution,institution,1,956632,institution,0
latour_2013_aime_en,latour,institution,institution,1,958996,institution,0
latour_2013_aime_en,latour,institution,institution,1,964264,institution,0
latour_2013_aime_en,latour,institution,institution,1,967836,institution,0
latour_2013_aime_en,latour,institution,institution,1,974181,institution,0
latour_2013_aime_en,latour,institution,institution,1,977265,institution,0
latour_2013_aime_en,latour,institution,institution,1,999899,institution,0
latour_2013_aime_en,latour,institution,instituted,1,1009968,instituted,0
latour_2013_aime_en,latour,institution,institutions,1,1010185,institutions,0
latour_2013_aime_en,latour,institution,institution,1,1032702,institution,0
latour_2013_aime_en,latour,institution,institution,1,1043524,institution,0
latour_2013_aime_en,latour,institution,institution,1,1068229,institution,0
latour_2013_aime_en,latour,institution,institutions,1,1104049,institutions,0
latour_2013_aime_en,latour,institution,institution,1,1121404,institution,0
latour_2013_aime_en,latour,institution,institute,1,1138326,institute,0
latour_2013_aime_en,latour,institution,institution,1,1210416,institution,0
latour_2013_aime_en,latour,institution,institutions,1,1224677,institutions,0
latour_2013_aime_en,latour,institution,institute,1,1241804,institute,0
latour_2013_aime_en,latour,institution,institutions,1,1241935,institutions,0
latour_2013_aime_en,latour,institution,instituted,1,1250028,instituted,0
latour_2013_aime_en,latour,institution,institutions,1,1252667,institutions,0
latour_2013_aime_en,latour,institution,institutions,1,1269023,institutions,0
latour_2013_aime_en,latour,institution,institutions,1,1273017,institutions,0
latour_2013_aime_en,latour,institution,institution,1,1275287,institution,0
latour_2013_aime_en,latour,institution,institution,1,1282035,institution,0
latour_2013_aime_en,latour,institution,institutions,1,1285130,institutions,0
latour_2013_aime_en,latour,institution,institution,1,1285273,institution,0
latour_2013_aime_en,latour,institution,institutions,1,1285727,institutions,0
latour_2013_aime_en,latour,institution,institutions,1,1286197,institutions,0
latour_2013_aime_en,latour,institution,institutions,1,1286257,institutions,0
latour_2013_aime_en,latour,institution,institutions,1,1286387,institutions,0
latour_2013_aime_en,latour,institution,institutions,1,1286499,institutions,0
latour_2013_aime_en,latour,institution,institution,1,1286757,institution,0
latour_2013_aime_en,latour,institution,institution,1,1286835,institution,0
latour_2013_aime_en,latour,institution,institutions,1,1289563,institutions,0
latour_2013_aime_en,latour,institution,institute,1,1299874,institute,0
latour_2013_aime_en,latour,institution,institute,1,1303419,institute,0
latour_2013_aime_en,latour,domain_category,domain,1,4538,domain,0
latour_2013_aime_en,latour,domain_category,domain,1,5048,domain,0
latour_2013_aime_en,latour,domain_category,category mistakes,1,6149,category mistakes,0
latour_2013_aime_en,latour,domain_category,crossings,1,6936,crossings,0
latour_2013_aime_en,latour,domain_category,crossing,1,7013,crossing,0
latour_2013_aime_en,latour,domain_category,crossing,1,8608,crossing,0
latour_2013_aime_en,latour,domain_category,crossing,1,9517,crossing,0
latour_2013_aime_en,latour,domain_category,crossing,1,11450,crossing,0
latour_2013_aime_en,latour,domain_category,crossing,1,16351,crossing,0
latour_2013_aime_en,latour,domain_category,crossing,1,17277,crossing,0
latour_2013_aime_en,latour,domain_category,crossing,1,19309,crossing,0
latour_2013_aime_en,latour,domain_category,domain,1,22587,domain,0
latour_2013_aime_en,latour,domain_category,crossing,1,22823,crossing,0
latour_2013_aime_en,latour,domain_category,crossing,1,23494,crossing,0
latour_2013_aime_en,latour,domain_category,crossing,1,23549,crossing,0
latour_2013_aime_en,latour,domain_category,crossing,1,23588,crossing,0
latour_2013_aime_en,latour,domain_category,crossing,1,25540,crossing,0
latour_2013_aime_en,latour,domain_category,crossing,1,30700,crossing,0
latour_2013_aime_en,latour,domain_category,crossing,1,31123,crossing,0
latour_2013_aime_en,latour,domain_category,crossing,1,32093,crossing,0
latour_2013_aime_en,latour,domain_category,crossings,1,36093,crossings,0
latour_2013_aime_en,latour,domain_category,crossing,1,36581,crossing,0
latour_2013_aime_en,latour,domain_category,category mistakes,1,88138,category mistakes,0
latour_2013_aime_en,latour,domain_category,domain,1,105696,domain,0
latour_2013_aime_en,latour,domain_category,domain,1,106833,domain,0
latour_2013_aime_en,latour,domain_category,domains,1,109166,domains,0
latour_2013_aime_en,latour,domain_category,domain,1,109424,domain,0
latour_2013_aime_en,latour,domain_category,domains,1,110008,domains,0
latour_2013_aime_en,latour,domain_category,domain,1,110097,domain,0
latour_2013_aime_en,latour,domain_category,domain,1,110206,domain,0
latour_2013_aime_en,latour,domain_category,domains,1,110601,domains,0
latour_2013_aime_en,latour,domain_category,domains,1,111279,domains,0
latour_2013_aime_en,latour,domain_category,domain,1,111996,domain,0
latour_2013_aime_en,latour,domain_category,domain,1,112265,domain,0
latour_2013_aime_en,latour,domain_category,domain,1,112977,domain,0
latour_2013_aime_en,latour,domain_category,domain,1,113683,domain,0
latour_2013_aime_en,latour,domain_category,domains,1,114087,domains,0
latour_2013_aime_en,latour,domain_category,domain,1,114812,domain,0
latour_2013_aime_en,latour,domain_category,domains,1,115069,domains,0
latour_2013_aime_en,latour,domain_category,domain,1,115152,domain,0
latour_2013_aime_en,latour,domain_category,domains,1,122734,domains,0
latour_2013_aime_en,latour,domain_category,domains,1,126239,domains,0
latour_2013_aime_en,latour,domain_category,domain,1,126929,domain,0
latour_2013_aime_en,latour,domain_category,domain,1,127995,domain,0
latour_2013_aime_en,latour,domain_category,domains,1,128260,domains,0
latour_2013_aime_en,latour,domain_category,domains,1,128332,domains,0
latour_2013_aime_en,latour,domain_category,domain,1,128961,domain,0
latour_2013_aime_en,latour,domain_category,domains,1,131434,domains,0
latour_2013_aime_en,latour,domain_category,domain,1,133412,domain,0
latour_2013_aime_en,latour,domain_category,domains,1,133812,domains,0
latour_2013_aime_en,latour,domain_category,domain,1,137129,domain,0
latour_2013_aime_en,latour,domain_category,domain,1,137203,domain,0
latour_2013_aime_en,latour,domain_category,domain,1,137247,domain,0
latour_2013_aime_en,latour,domain_category,domain,1,138890,domain,0
latour_2013_aime_en,latour,domain_category,domain,1,142253,domain,0
latour_2013_aime_en,latour,domain_category,domains,1,142562,domains,0
latour_2013_aime_en,latour,domain_category,domains,1,147823,domains,0
latour_2013_aime_en,latour,domain_category,domains,1,148004,domains,0
latour_2013_aime_en,latour,domain_category,domain,1,153175,domain,0
latour_2013_aime_en,latour,domain_category,domain,1,155203,domain,0
latour_2013_aime_en,latour,domain_category,domains,1,159285,domains,0
latour_2013_aime_en,latour,domain_category,category mistakes,1,160039,category mistakes,0
latour_2013_aime_en,latour,domain_category,crossings,1,160278,crossings,0
latour_2013_aime_en,latour,domain_category,crossing,1,160467,crossing,0
latour_2013_aime_en,latour,domain_category,category mistakes,1,161533,category mistakes,0
latour_2013_aime_en,latour,domain_category,category mistakes,1,162898,category mistakes,0
latour_2013_aime_en,latour,domain_category,category mistake,1,163089,category mistake,0
latour_2013_aime_en,latour,domain_category,category mistakes,1,166902,category mistakes,0
latour_2013_aime_en,latour,domain_category,"category
            mistakes",1,179487,"category
            mistakes",0
latour_2013_aime_en,latour,domain_category,category mistake,1,180475,category mistake,0
latour_2013_aime_en,latour,domain_category,category mistakes,1,182185,category mistakes,0
latour_2013_aime_en,latour,domain_category,category mistake,1,183585,category mistake,0
latour_2013_aime_en,latour,domain_category,crossings,1,184338,crossings,0
latour_2013_aime_en,latour,domain_category,domain,1,187185,domain,0
latour_2013_aime_en,latour,domain_category,domain,1,187243,domain,0
latour_2013_aime_en,latour,domain_category,category mistake,1,188286,category mistake,0
latour_2013_aime_en,latour,domain_category,category mistakes,1,190589,category mistakes,0
latour_2013_aime_en,latour,domain_category,domains,1,200512,domains,0
latour_2013_aime_en,latour,domain_category,crossings,1,203140,crossings,0
latour_2013_aime_en,latour,domain_category,crossing,1,203176,crossing,0
latour_2013_aime_en,latour,domain_category,crossings,1,203440,crossings,0
latour_2013_aime_en,latour,domain_category,crossing,1,203729,crossing,0
latour_2013_aime_en,latour,domain_category,crossing,1,204024,crossing,0
latour_2013_aime_en,latour,domain_category,crossing,1,204233,crossing,0
latour_2013_aime_en,latour,domain_category,crossing,1,204375,crossing,0
latour_2013_aime_en,latour,domain_category,domain,1,204580,domain,0
latour_2013_aime_en,latour,domain_category,crossing,1,205221,crossing,0
latour_2013_aime_en,latour,domain_category,domains,1,205809,domains,0
latour_2013_aime_en,latour,domain_category,category mistakes,1,213193,category mistakes,0
latour_2013_aime_en,latour,domain_category,crossing,1,216213,crossing,0
latour_2013_aime_en,latour,domain_category,category mistake,1,223749,category mistake,0
latour_2013_aime_en,latour,domain_category,category mistakes,1,223875,category mistakes,0
latour_2013_aime_en,latour,domain_category,crossings,1,225296,crossings,0
latour_2013_aime_en,latour,domain_category,category mistakes,1,225350,category mistakes,0
latour_2013_aime_en,latour,domain_category,crossings,1,225606,crossings,0
latour_2013_aime_en,latour,domain_category,crossing,1,226213,crossing,0
latour_2013_aime_en,latour,domain_category,category mistake,1,226655,category mistake,0
latour_2013_aime_en,latour,domain_category,crossing,1,227085,crossing,0
latour_2013_aime_en,latour,domain_category,crossing,1,227179,crossing,0
latour_2013_aime_en,latour,domain_category,crossing,1,250246,crossing,0
latour_2013_aime_en,latour,domain_category,crossing,1,250671,crossing,0
latour_2013_aime_en,latour,domain_category,category mistake,1,252826,category mistake,0
latour_2013_aime_en,latour,domain_category,crossing,1,253958,crossing,0
latour_2013_aime_en,latour,domain_category,domain,1,260819,domain,0
latour_2013_aime_en,latour,domain_category,"category
mistakes",1,264838,"category
mistakes",0
latour_2013_aime_en,latour,domain_category,crossings,1,268427,crossings,0
latour_2013_aime_en,latour,domain_category,crossing,1,279032,crossing,0
latour_2013_aime_en,latour,domain_category,crossing,1,280952,crossing,0
latour_2013_aime_en,latour,domain_category,crossing,1,281415,crossing,0
latour_2013_aime_en,latour,domain_category,crossing,1,281534,crossing,0
latour_2013_aime_en,latour,domain_category,crossing,1,281672,crossing,0
latour_2013_aime_en,latour,domain_category,crossing,1,289095,crossing,0
latour_2013_aime_en,latour,domain_category,crossing,1,295174,crossing,0
latour_2013_aime_en,latour,domain_category,domain,1,299502,domain,0
latour_2013_aime_en,latour,domain_category,category mistakes,1,306252,category mistakes,0
latour_2013_aime_en,latour,domain_category,crossing,1,312627,crossing,0
latour_2013_aime_en,latour,domain_category,crossing,1,312745,crossing,0
latour_2013_aime_en,latour,domain_category,crossing,1,313480,crossing,0
latour_2013_aime_en,latour,domain_category,crossing,1,314251,crossing,0
latour_2013_aime_en,latour,domain_category,category mistake,1,324747,category mistake,0
latour_2013_aime_en,latour,domain_category,crossing,1,325093,crossing,0
latour_2013_aime_en,latour,domain_category,"category
             mistake",1,325185,"category
             mistake",0
latour_2013_aime_en,latour,domain_category,crossing,1,329064,crossing,0
latour_2013_aime_en,latour,domain_category,domain,1,345999,domain,0
latour_2013_aime_en,latour,domain_category,domain,1,346079,domain,0
latour_2013_aime_en,latour,domain_category,crossing,1,359715,crossing,0
latour_2013_aime_en,latour,domain_category,domain,1,372148,domain,0
latour_2013_aime_en,latour,domain_category,crossing,1,374476,crossing,0
latour_2013_aime_en,latour,domain_category,crossing,1,374555,crossing,0
latour_2013_aime_en,latour,domain_category,crossing,1,380721,crossing,0
latour_2013_aime_en,latour,domain_category,crossing,1,381483,crossing,0
latour_2013_aime_en,latour,domain_category,crossing,1,381605,crossing,0
latour_2013_aime_en,latour,domain_category,crossing,1,382123,crossing,0
latour_2013_aime_en,latour,domain_category,category mistake,1,382379,category mistake,0
latour_2013_aime_en,latour,domain_category,category mistake,1,383916,category mistake,0
latour_2013_aime_en,latour,domain_category,category mistake,1,384303,category mistake,0
latour_2013_aime_en,latour,domain_category,crossing,1,393974,crossing,0
latour_2013_aime_en,latour,domain_category,crossing,1,394784,crossing,0
latour_2013_aime_en,latour,domain_category,domains,1,399223,domains,0
latour_2013_aime_en,latour,domain_category,domains,1,410778,domains,0
latour_2013_aime_en,latour,domain_category,domain,1,419554,domain,0
latour_2013_aime_en,latour,domain_category,crossings,1,423124,crossings,0
latour_2013_aime_en,latour,domain_category,crossing,1,462079,crossing,0
latour_2013_aime_en,latour,domain_category,domains,1,467227,domains,0
latour_2013_aime_en,latour,domain_category,crossing,1,467558,crossing,0
latour_2013_aime_en,latour,domain_category,"category
           mistakes",1,475508,"category
           mistakes",0
latour_2013_aime_en,latour,domain_category,category mistake,1,476162,category mistake,0
latour_2013_aime_en,latour,domain_category,category mistake,1,483643,category mistake,0
latour_2013_aime_en,latour,domain_category,category mistake,1,486596,category mistake,0
latour_2013_aime_en,latour,domain_category,category mistake,1,493743,category mistake,0
latour_2013_aime_en,latour,domain_category,crossing,1,511763,crossing,0
latour_2013_aime_en,latour,domain_category,category mistake,1,513596,category mistake,0
latour_2013_aime_en,latour,domain_category,"category
           mistake",1,564050,"category
           mistake",0
latour_2013_aime_en,latour,domain_category,crossing,1,570606,crossing,0
latour_2013_aime_en,latour,domain_category,crossing,1,571598,crossing,0
latour_2013_aime_en,latour,domain_category,crossing,1,575114,crossing,0
latour_2013_aime_en,latour,domain_category,crossing,1,575209,crossing,0
latour_2013_aime_en,latour,domain_category,crossing,1,579003,crossing,0
latour_2013_aime_en,latour,domain_category,category mistakes,1,588212,category mistakes,0
latour_2013_aime_en,latour,domain_category,domains,1,590998,domains,0
latour_2013_aime_en,latour,domain_category,domain,1,591413,domain,0
latour_2013_aime_en,latour,domain_category,domain,1,591499,domain,0
latour_2013_aime_en,latour,domain_category,domain,1,592329,domain,0
latour_2013_aime_en,latour,domain_category,domain,1,597554,domain,0
latour_2013_aime_en,latour,domain_category,crossing,1,600529,crossing,0
latour_2013_aime_en,latour,domain_category,domain,1,600989,domain,0
latour_2013_aime_en,latour,domain_category,crossing,1,611556,crossing,0
latour_2013_aime_en,latour,domain_category,crossing,1,626909,crossing,0
latour_2013_aime_en,latour,domain_category,crossing,1,629923,crossing,0
latour_2013_aime_en,latour,domain_category,crossing,1,634523,crossing,0
latour_2013_aime_en,latour,domain_category,crossing,1,647382,crossing,0
latour_2013_aime_en,latour,domain_category,category mistakes,1,656694,category mistakes,0
latour_2013_aime_en,latour,domain_category,domain,1,658683,domain,0
latour_2013_aime_en,latour,domain_category,category mistake,1,665674,category mistake,0
latour_2013_aime_en,latour,domain_category,domains,1,674573,domains,0
latour_2013_aime_en,latour,domain_category,crossing,1,694381,crossing,0
latour_2013_aime_en,latour,domain_category,crossing,1,694610,crossing,0
latour_2013_aime_en,latour,domain_category,crossings,1,701216,crossings,0
latour_2013_aime_en,latour,domain_category,crossing,1,704134,crossing,0
latour_2013_aime_en,latour,domain_category,domain,1,706429,domain,0
latour_2013_aime_en,latour,domain_category,category mistakes,1,710644,category mistakes,0
latour_2013_aime_en,latour,domain_category,domain,1,714043,domain,0
latour_2013_aime_en,latour,domain_category,domain,1,714193,domain,0
latour_2013_aime_en,latour,domain_category,"category
         mistake",1,717746,"category
         mistake",0
latour_2013_aime_en,latour,domain_category,category mistakes,1,720173,category mistakes,0
latour_2013_aime_en,latour,domain_category,"category
         mistakes",1,721832,"category
         mistakes",0
latour_2013_aime_en,latour,domain_category,category mistake,1,724545,category mistake,0
latour_2013_aime_en,latour,domain_category,category mistakes,1,726113,category mistakes,0
latour_2013_aime_en,latour,domain_category,category mistakes,1,727531,category mistakes,0
latour_2013_aime_en,latour,domain_category,category mistake,1,733222,category mistake,0
latour_2013_aime_en,latour,domain_category,category mistake,1,736246,category mistake,0
latour_2013_aime_en,latour,domain_category,category mistake,1,738831,category mistake,0
latour_2013_aime_en,latour,domain_category,category mistake,1,745850,category mistake,0
latour_2013_aime_en,latour,domain_category,category mistake,1,747725,category mistake,0
latour_2013_aime_en,latour,domain_category,category mistake,1,763984,category mistake,0
latour_2013_aime_en,latour,domain_category,category mistake,1,764870,category mistake,0
latour_2013_aime_en,latour,domain_category,category mistake,1,773543,category mistake,0
latour_2013_aime_en,latour,domain_category,crossings,1,786318,crossings,0
latour_2013_aime_en,latour,domain_category,category mistake,1,790031,category mistake,0
latour_2013_aime_en,latour,domain_category,crossing,1,797387,crossing,0
latour_2013_aime_en,latour,domain_category,domain,1,800351,domain,0
latour_2013_aime_en,latour,domain_category,crossing,1,800427,crossing,0
latour_2013_aime_en,latour,domain_category,crossing,1,800528,crossing,0
latour_2013_aime_en,latour,domain_category,crossing,1,800613,crossing,0
latour_2013_aime_en,latour,domain_category,crossing,1,800777,crossing,0
latour_2013_aime_en,latour,domain_category,category mistakes,1,804513,category mistakes,0
latour_2013_aime_en,latour,domain_category,domain,1,807971,domain,0
latour_2013_aime_en,latour,domain_category,domains,1,808380,domains,0
latour_2013_aime_en,latour,domain_category,domain,1,809142,domain,0
latour_2013_aime_en,latour,domain_category,category mistake,1,812205,category mistake,0
latour_2013_aime_en,latour,domain_category,domain,1,813408,domain,0
latour_2013_aime_en,latour,domain_category,domain,1,814726,domain,0
latour_2013_aime_en,latour,domain_category,category mistake,1,816199,category mistake,0
latour_2013_aime_en,latour,domain_category,crossing,1,817772,crossing,0
latour_2013_aime_en,latour,domain_category,crossing,1,824118,crossing,0
latour_2013_aime_en,latour,domain_category,category mistake,1,841269,category mistake,0
latour_2013_aime_en,latour,domain_category,category mistakes,1,846028,category mistakes,0
latour_2013_aime_en,latour,domain_category,category mistakes,1,853437,category mistakes,0
latour_2013_aime_en,latour,domain_category,crossing,1,855358,crossing,0
latour_2013_aime_en,latour,domain_category,category mistake,1,857049,category mistake,0
latour_2013_aime_en,latour,domain_category,crossing,1,859639,crossing,0
latour_2013_aime_en,latour,domain_category,category mistake,1,859851,category mistake,0
latour_2013_aime_en,latour,domain_category,crossing,1,862608,crossing,0
latour_2013_aime_en,latour,domain_category,category mistake,1,863933,category mistake,0
latour_2013_aime_en,latour,domain_category,category mistakes,1,875464,category mistakes,0
latour_2013_aime_en,latour,domain_category,crossing,1,883868,crossing,0
latour_2013_aime_en,latour,domain_category,category mistakes,1,886192,category mistakes,0
latour_2013_aime_en,latour,domain_category,crossing,1,887803,crossing,0
latour_2013_aime_en,latour,domain_category,domain,1,888576,domain,0
latour_2013_aime_en,latour,domain_category,domain,1,889251,domain,0
latour_2013_aime_en,latour,domain_category,domain,1,908701,domain,0
latour_2013_aime_en,latour,domain_category,domain,1,918862,domain,0
latour_2013_aime_en,latour,domain_category,domain,1,919050,domain,0
latour_2013_aime_en,latour,domain_category,category mistake,1,929792,category mistake,0
latour_2013_aime_en,latour,domain_category,category mistake,1,934699,category mistake,0
latour_2013_aime_en,latour,domain_category,category mistake,1,938205,category mistake,0
latour_2013_aime_en,latour,domain_category,crossing,1,944259,crossing,0
latour_2013_aime_en,latour,domain_category,"category
        mistake",1,945991,"category
        mistake",0
latour_2013_aime_en,latour,domain_category,category mistake,1,948165,category mistake,0
latour_2013_aime_en,latour,domain_category,crossing,1,950933,crossing,0
latour_2013_aime_en,latour,domain_category,crossing,1,957547,crossing,0
latour_2013_aime_en,latour,domain_category,domain,1,964253,domain,0
latour_2013_aime_en,latour,domain_category,domain,1,964783,domain,0
latour_2013_aime_en,latour,domain_category,crossing,1,1034506,crossing,0
latour_2013_aime_en,latour,domain_category,domain,1,1043806,domain,0
latour_2013_aime_en,latour,domain_category,crossing,1,1064071,crossing,0
latour_2013_aime_en,latour,domain_category,category mistake,1,1072239,category mistake,0
latour_2013_aime_en,latour,domain_category,category mistake,1,1076522,category mistake,0
latour_2013_aime_en,latour,domain_category,category mistake,1,1078490,category mistake,0
latour_2013_aime_en,latour,domain_category,domain,1,1084008,domain,0
latour_2013_aime_en,latour,domain_category,domain,1,1086854,domain,0
latour_2013_aime_en,latour,domain_category,domain,1,1100370,domain,0
latour_2013_aime_en,latour,domain_category,crossing,1,1104636,crossing,0
latour_2013_aime_en,latour,domain_category,crossing,1,1106391,crossing,0
latour_2013_aime_en,latour,domain_category,crossing,1,1135695,crossing,0
latour_2013_aime_en,latour,domain_category,category mistakes,1,1142482,category mistakes,0
latour_2013_aime_en,latour,domain_category,crossing,1,1174086,crossing,0
latour_2013_aime_en,latour,domain_category,crossing,1,1174691,crossing,0
latour_2013_aime_en,latour,domain_category,crossing,1,1179080,crossing,0
latour_2013_aime_en,latour,domain_category,crossing,1,1182420,crossing,0
latour_2013_aime_en,latour,domain_category,crossing,1,1182704,crossing,0
latour_2013_aime_en,latour,domain_category,crossing,1,1184327,crossing,0
latour_2013_aime_en,latour,domain_category,category mistake,1,1196686,category mistake,0
latour_2013_aime_en,latour,domain_category,crossing,1,1201316,crossing,0
latour_2013_aime_en,latour,domain_category,domain,1,1227818,domain,0
latour_2013_aime_en,latour,domain_category,crossing,1,1236020,crossing,0
latour_2013_aime_en,latour,domain_category,category mistake,1,1240524,category mistake,0
latour_2013_aime_en,latour,domain_category,category mistake,1,1245588,category mistake,0
latour_2013_aime_en,latour,domain_category,domain,1,1266699,domain,0
latour_2013_aime_en,latour,domain_category,domains,1,1271950,domains,0
latour_2013_aime_en,latour,domain_category,domains,1,1272025,domains,0
latour_2013_aime_en,latour,domain_category,crossing,1,1274660,crossing,0
latour_2013_aime_en,latour,domain_category,crossing,1,1275027,crossing,0
latour_2013_aime_en,latour,domain_category,crossings,1,1275103,crossings,0
latour_2013_aime_en,latour,domain_category,domain,1,1275274,domain,0
latour_2013_aime_en,latour,domain_category,domain,1,1282106,domain,0
latour_2013_aime_en,latour,domain_category,domains,1,1283671,domains,0
latour_2013_aime_en,latour,domain_category,domain,1,1285311,domain,0
latour_2013_aime_en,latour,domain_category,category mistakes,1,1299296,Category mistakes,0
latour_2013_aime_en,latour,domain_category,crossings,1,1299349,crossings,0
latour_2013_aime_en,latour,domain_category,domains,1,1302609,domains,0
latour_2013_aime_en,latour,moderns,moderns,1,107,Moderns,0
latour_2013_aime_en,latour,moderns,moderns,1,1261,moderns,0
latour_2013_aime_en,latour,moderns,modernizing,1,3344,modernizing,0
latour_2013_aime_en,latour,moderns,moderns,1,4113,Moderns,0
latour_2013_aime_en,latour,moderns,moderns,1,4506,Moderns,0
latour_2013_aime_en,latour,moderns,moderns,1,13009,Moderns,0
latour_2013_aime_en,latour,moderns,moderns,1,14487,Moderns,0
latour_2013_aime_en,latour,moderns,moderns,1,32456,Moderns,0
latour_2013_aime_en,latour,moderns,moderns,1,35372,Moderns,0
latour_2013_aime_en,latour,moderns,moderns,1,35393,Moderns,0
latour_2013_aime_en,latour,moderns,moderns,1,35743,Moderns,0
latour_2013_aime_en,latour,moderns,moderns,1,38400,Moderns,0
latour_2013_aime_en,latour,moderns,moderns,1,40060,Moderns,0
latour_2013_aime_en,latour,moderns,modernism,1,40980,Modernism,0
latour_2013_aime_en,latour,moderns,moderns,1,42211,Moderns,0
latour_2013_aime_en,latour,moderns,moderns,1,43740,Moderns,0
latour_2013_aime_en,latour,moderns,moderns,1,44036,Moderns,0
latour_2013_aime_en,latour,moderns,modernizing,1,45083,modernizing,0
latour_2013_aime_en,latour,moderns,modernization,1,61897,modernization,0
latour_2013_aime_en,latour,moderns,modernizing,1,62080,modernizing,0
latour_2013_aime_en,latour,moderns,modernization,1,62512,modernization,0
latour_2013_aime_en,latour,moderns,moderns,1,62531,Moderns,0
latour_2013_aime_en,latour,moderns,modernizing,1,62582,modernizing,0
latour_2013_aime_en,latour,moderns,moderns,1,64172,Moderns,0
latour_2013_aime_en,latour,moderns,modernization,1,64543,modernization,0
latour_2013_aime_en,latour,moderns,modernization,1,64836,modernization,0
latour_2013_aime_en,latour,moderns,modernization,1,66011,modernization,0
latour_2013_aime_en,latour,moderns,modernization,1,66776,modernization,0
latour_2013_aime_en,latour,moderns,moderns,1,66901,Moderns,0
latour_2013_aime_en,latour,moderns,modernization,1,68773,modernization,0
latour_2013_aime_en,latour,moderns,modernization,1,68996,modernization,0
latour_2013_aime_en,latour,moderns,modernity,1,70185,modernity,0
latour_2013_aime_en,latour,moderns,modernity,1,70377,modernity,0
latour_2013_aime_en,latour,moderns,moderns,1,70433,Moderns,0
latour_2013_aime_en,latour,moderns,modernity,1,71351,modernity,0
latour_2013_aime_en,latour,moderns,modernizing,1,71583,modernizing,0
latour_2013_aime_en,latour,moderns,moderns,1,73413,Moderns,0
latour_2013_aime_en,latour,moderns,moderns,1,73558,Moderns,0
latour_2013_aime_en,latour,moderns,modernism,1,74691,modernism,0
latour_2013_aime_en,latour,moderns,modernization,1,75619,modernization,0
latour_2013_aime_en,latour,moderns,moderns,1,75900,Moderns,0
latour_2013_aime_en,latour,moderns,modernity,1,76025,modernity,0
latour_2013_aime_en,latour,moderns,moderns,1,76209,Moderns,0
latour_2013_aime_en,latour,moderns,moderns,1,76336,Moderns,0
latour_2013_aime_en,latour,moderns,moderns,1,76581,Moderns,0
latour_2013_aime_en,latour,moderns,modernization,1,76959,modernization,0
latour_2013_aime_en,latour,moderns,modernity,1,77537,modernity,0
latour_2013_aime_en,latour,moderns,modernity,1,77763,modernity,0
latour_2013_aime_en,latour,moderns,modernization,1,77846,modernization,0
latour_2013_aime_en,latour,moderns,moderns,1,78114,Moderns,0
latour_2013_aime_en,latour,moderns,moderns,1,78398,Moderns,0
latour_2013_aime_en,latour,moderns,moderns,1,78747,Moderns,0
latour_2013_aime_en,latour,moderns,moderns,1,78913,Moderns,0
latour_2013_aime_en,latour,moderns,moderns,1,79319,Moderns,0
latour_2013_aime_en,latour,moderns,moderns,1,79502,Moderns,0
latour_2013_aime_en,latour,moderns,moderns,1,79590,Moderns,0
latour_2013_aime_en,latour,moderns,moderns,1,80176,Moderns,0
latour_2013_aime_en,latour,moderns,moderns,1,80368,Moderns,0
latour_2013_aime_en,latour,moderns,modernization,1,81101,modernization,0
latour_2013_aime_en,latour,moderns,moderns,1,81500,Moderns,0
latour_2013_aime_en,latour,moderns,modernization,1,81761,modernization,0
latour_2013_aime_en,latour,moderns,modernization,1,82246,modernization,0
latour_2013_aime_en,latour,moderns,moderns,1,82337,Moderns,0
latour_2013_aime_en,latour,moderns,moderns,1,82869,Moderns,0
latour_2013_aime_en,latour,moderns,modernization,1,83981,modernization,0
latour_2013_aime_en,latour,moderns,modernity,1,84574,modernity,0
latour_2013_aime_en,latour,moderns,modernization,1,84807,modernization,0
latour_2013_aime_en,latour,moderns,modernity,1,85184,modernity,0
latour_2013_aime_en,latour,moderns,modernization,1,87473,modernization,0
latour_2013_aime_en,latour,moderns,modernization,1,93228,modernization,0
latour_2013_aime_en,latour,moderns,moderns,1,94058,Moderns,0
latour_2013_aime_en,latour,moderns,moderns,1,99099,Moderns,0
latour_2013_aime_en,latour,moderns,moderns,1,99546,Moderns,0
latour_2013_aime_en,latour,moderns,moderns,1,100123,Moderns,0
latour_2013_aime_en,latour,moderns,moderns,1,100514,Moderns,0
latour_2013_aime_en,latour,moderns,modernization,1,100634,modernization,0
latour_2013_aime_en,latour,moderns,moderns,1,101136,Moderns,0
latour_2013_aime_en,latour,moderns,modernity,1,102922,modernity,0
latour_2013_aime_en,latour,moderns,moderns,1,103318,Moderns,0
latour_2013_aime_en,latour,moderns,moderns,1,105420,Moderns,0
latour_2013_aime_en,latour,moderns,moderns,1,105623,Moderns,0
latour_2013_aime_en,latour,moderns,moderns,1,107127,Moderns,0
latour_2013_aime_en,latour,moderns,moderns,1,107442,Moderns,0
latour_2013_aime_en,latour,moderns,modernism,1,108390,modernism,0
latour_2013_aime_en,latour,moderns,moderns,1,109117,Moderns,0
latour_2013_aime_en,latour,moderns,moderns,1,110592,Moderns,0
latour_2013_aime_en,latour,moderns,moderns,1,122760,Moderns,0
latour_2013_aime_en,latour,moderns,moderns,1,133745,Moderns,0
latour_2013_aime_en,latour,moderns,moderns,1,142389,Moderns,0
latour_2013_aime_en,latour,moderns,moderns,1,147044,Moderns,0
latour_2013_aime_en,latour,moderns,moderns,1,147322,Moderns,0
latour_2013_aime_en,latour,moderns,moderns,1,148181,Moderns,0
latour_2013_aime_en,latour,moderns,moderns,1,155597,Moderns,0
latour_2013_aime_en,latour,moderns,moderns,1,155730,Moderns,0
latour_2013_aime_en,latour,moderns,moderns,1,156310,Moderns,0
latour_2013_aime_en,latour,moderns,moderns,1,169693,Moderns,0
latour_2013_aime_en,latour,moderns,moderns,1,176323,Moderns,0
latour_2013_aime_en,latour,moderns,moderns,1,190666,Moderns,0
latour_2013_aime_en,latour,moderns,modernism,1,198697,modernism,0
latour_2013_aime_en,latour,moderns,moderns,1,199058,Moderns,0
latour_2013_aime_en,latour,moderns,moderns,1,200637,Moderns,0
latour_2013_aime_en,latour,moderns,moderns,1,202328,Moderns,0
latour_2013_aime_en,latour,moderns,moderns,1,205673,Moderns,0
latour_2013_aime_en,latour,moderns,modernism,1,208405,modernism,0
latour_2013_aime_en,latour,moderns,moderns,1,209161,Moderns,0
latour_2013_aime_en,latour,moderns,moderns,1,210780,Moderns,0
latour_2013_aime_en,latour,moderns,moderns,1,216966,Moderns,0
latour_2013_aime_en,latour,moderns,moderns,1,217213,Moderns,0
latour_2013_aime_en,latour,moderns,moderns,1,217531,Moderns,0
latour_2013_aime_en,latour,moderns,moderns,1,218587,Moderns,0
latour_2013_aime_en,latour,moderns,moderns,1,220140,Moderns,0
latour_2013_aime_en,latour,moderns,moderns,1,222731,Moderns,0
latour_2013_aime_en,latour,moderns,moderns,1,224046,Moderns,0
latour_2013_aime_en,latour,moderns,moderns,1,251053,Moderns,0
latour_2013_aime_en,latour,moderns,moderns,1,253774,Moderns,0
latour_2013_aime_en,latour,moderns,moderns,1,278973,Moderns,0
latour_2013_aime_en,latour,moderns,moderns,1,280862,Moderns,0
latour_2013_aime_en,latour,moderns,moderns,1,281379,Moderns,0
latour_2013_aime_en,latour,moderns,moderns,1,286370,Moderns,0
latour_2013_aime_en,latour,moderns,modernism,1,287114,modernism,0
latour_2013_aime_en,latour,moderns,moderns,1,290114,Moderns,0
latour_2013_aime_en,latour,moderns,moderns,1,290563,Moderns,0
latour_2013_aime_en,latour,moderns,moderns,1,291631,Moderns,0
latour_2013_aime_en,latour,moderns,moderns,1,292674,Moderns,0
latour_2013_aime_en,latour,moderns,moderns,1,296133,Moderns,0
latour_2013_aime_en,latour,moderns,moderns,1,306005,Moderns,0
latour_2013_aime_en,latour,moderns,moderns,1,306279,Moderns,0
latour_2013_aime_en,latour,moderns,moderns,1,309426,Moderns,0
latour_2013_aime_en,latour,moderns,moderns,1,310169,Moderns,0
latour_2013_aime_en,latour,moderns,moderns,1,310507,Moderns,0
latour_2013_aime_en,latour,moderns,moderns,1,311092,Moderns,0
latour_2013_aime_en,latour,moderns,moderns,1,311199,Moderns,0
latour_2013_aime_en,latour,moderns,modernity,1,324885,modernity,0
latour_2013_aime_en,latour,moderns,moderns,1,325426,Moderns,0
latour_2013_aime_en,latour,moderns,moderns,1,341153,Moderns,0
latour_2013_aime_en,latour,moderns,moderns,1,342394,Moderns,0
latour_2013_aime_en,latour,moderns,moderns,1,342616,Moderns,0
latour_2013_aime_en,latour,moderns,moderns,1,343382,Moderns,0
latour_2013_aime_en,latour,moderns,moderns,1,346443,Moderns,0
latour_2013_aime_en,latour,moderns,moderns,1,347349,Moderns,0
latour_2013_aime_en,latour,moderns,moderns,1,352746,Moderns,0
latour_2013_aime_en,latour,moderns,moderns,1,352905,Moderns,0
latour_2013_aime_en,latour,moderns,moderns,1,353308,Moderns,0
latour_2013_aime_en,latour,moderns,moderns,1,356777,Moderns,0
latour_2013_aime_en,latour,moderns,moderns,1,360791,Moderns,0
latour_2013_aime_en,latour,moderns,moderns,1,361341,Moderns,0
latour_2013_aime_en,latour,moderns,moderns,1,361749,Moderns,0
latour_2013_aime_en,latour,moderns,moderns,1,361778,Moderns,0
latour_2013_aime_en,latour,moderns,moderns,1,362567,Moderns,0
latour_2013_aime_en,latour,moderns,moderns,1,363081,Moderns,0
latour_2013_aime_en,latour,moderns,moderns,1,363506,Moderns,0
latour_2013_aime_en,latour,moderns,moderns,1,369997,Moderns,0
latour_2013_aime_en,latour,moderns,moderns,1,373194,Moderns,0
latour_2013_aime_en,latour,moderns,moderns,1,373590,Moderns,0
latour_2013_aime_en,latour,moderns,moderns,1,374727,Moderns,0
latour_2013_aime_en,latour,moderns,moderns,1,377648,Moderns,0
latour_2013_aime_en,latour,moderns,moderns,1,380845,Moderns,0
latour_2013_aime_en,latour,moderns,moderns,1,381726,Moderns,0
latour_2013_aime_en,latour,moderns,moderns,1,391119,Moderns,0
latour_2013_aime_en,latour,moderns,moderns,1,393992,Moderns,0
latour_2013_aime_en,latour,moderns,moderns,1,400172,Moderns,0
latour_2013_aime_en,latour,moderns,moderns,1,400568,Moderns,0
latour_2013_aime_en,latour,moderns,moderns,1,401693,Moderns,0
latour_2013_aime_en,latour,moderns,moderns,1,403397,Moderns,0
latour_2013_aime_en,latour,moderns,moderns,1,405560,Moderns,0
latour_2013_aime_en,latour,moderns,moderns,1,415287,Moderns,0
latour_2013_aime_en,latour,moderns,moderns,1,416598,Moderns,0
latour_2013_aime_en,latour,moderns,moderns,1,419503,Moderns,0
latour_2013_aime_en,latour,moderns,moderns,1,424024,Moderns,0
latour_2013_aime_en,latour,moderns,moderns,1,427421,Moderns,0
latour_2013_aime_en,latour,moderns,moderns,1,429841,Moderns,0
latour_2013_aime_en,latour,moderns,moderns,1,430528,Moderns,0
latour_2013_aime_en,latour,moderns,moderns,1,431130,Moderns,0
latour_2013_aime_en,latour,moderns,moderns,1,431474,Moderns,0
latour_2013_aime_en,latour,moderns,moderns,1,431827,Moderns,0
latour_2013_aime_en,latour,moderns,moderns,1,433161,Moderns,0
latour_2013_aime_en,latour,moderns,moderns,1,433967,Moderns,0
latour_2013_aime_en,latour,moderns,moderns,1,434012,Moderns,0
latour_2013_aime_en,latour,moderns,moderns,1,434268,Moderns,0
latour_2013_aime_en,latour,moderns,moderns,1,435669,Moderns,0
latour_2013_aime_en,latour,moderns,moderns,1,444289,Moderns,0
latour_2013_aime_en,latour,moderns,moderns,1,445801,Moderns,0
latour_2013_aime_en,latour,moderns,moderns,1,446134,Moderns,0
latour_2013_aime_en,latour,moderns,modernization,1,446548,modernization,0
latour_2013_aime_en,latour,moderns,modernity,1,446805,modernity,0
latour_2013_aime_en,latour,moderns,modernization,1,447043,modernization,0
latour_2013_aime_en,latour,moderns,modernity,1,449475,modernity,0
latour_2013_aime_en,latour,moderns,moderns,1,454444,Moderns,0
latour_2013_aime_en,latour,moderns,moderns,1,455790,Moderns,0
latour_2013_aime_en,latour,moderns,moderns,1,466017,Moderns,0
latour_2013_aime_en,latour,moderns,moderns,1,466353,Moderns,0
latour_2013_aime_en,latour,moderns,moderns,1,466400,Moderns,0
latour_2013_aime_en,latour,moderns,moderns,1,466534,Moderns,0
latour_2013_aime_en,latour,moderns,moderns,1,468892,Moderns,0
latour_2013_aime_en,latour,moderns,moderns,1,469948,Moderns,0
latour_2013_aime_en,latour,moderns,moderns,1,470463,Moderns,0
latour_2013_aime_en,latour,moderns,moderns,1,470578,Moderns,0
latour_2013_aime_en,latour,moderns,moderns,1,473067,Moderns,0
latour_2013_aime_en,latour,moderns,moderns,1,474514,Moderns,0
latour_2013_aime_en,latour,moderns,moderns,1,479281,Moderns,0
latour_2013_aime_en,latour,moderns,moderns,1,480940,Moderns,0
latour_2013_aime_en,latour,moderns,moderns,1,482632,Moderns,0
latour_2013_aime_en,latour,moderns,moderns,1,483811,Moderns,0
latour_2013_aime_en,latour,moderns,moderns,1,486695,Moderns,0
latour_2013_aime_en,latour,moderns,moderns,1,487461,Moderns,0
latour_2013_aime_en,latour,moderns,moderns,1,491349,Moderns,0
latour_2013_aime_en,latour,moderns,moderns,1,491939,Moderns,0
latour_2013_aime_en,latour,moderns,moderns,1,493014,Moderns,0
latour_2013_aime_en,latour,moderns,moderns,1,495745,Moderns,0
latour_2013_aime_en,latour,moderns,moderns,1,496532,Moderns,0
latour_2013_aime_en,latour,moderns,moderns,1,497469,Moderns,0
latour_2013_aime_en,latour,moderns,moderns,1,499207,Moderns,0
latour_2013_aime_en,latour,moderns,moderns,1,500363,Moderns,0
latour_2013_aime_en,latour,moderns,moderns,1,501121,Moderns,0
latour_2013_aime_en,latour,moderns,moderns,1,502129,Moderns,0
latour_2013_aime_en,latour,moderns,moderns,1,503342,Moderns,0
latour_2013_aime_en,latour,moderns,moderns,1,504156,Moderns,0
latour_2013_aime_en,latour,moderns,moderns,1,507689,Moderns,0
latour_2013_aime_en,latour,moderns,moderns,1,508802,Moderns,0
latour_2013_aime_en,latour,moderns,moderns,1,514631,Moderns,0
latour_2013_aime_en,latour,moderns,modernization,1,514919,modernization,0
latour_2013_aime_en,latour,moderns,moderns,1,515381,Moderns,0
latour_2013_aime_en,latour,moderns,moderns,1,517195,Moderns,0
latour_2013_aime_en,latour,moderns,moderns,1,517356,Moderns,0
latour_2013_aime_en,latour,moderns,moderns,1,519689,Moderns,0
latour_2013_aime_en,latour,moderns,moderns,1,520134,Moderns,0
latour_2013_aime_en,latour,moderns,moderns,1,520453,Moderns,0
latour_2013_aime_en,latour,moderns,moderns,1,520951,Moderns,0
latour_2013_aime_en,latour,moderns,moderns,1,522166,Moderns,0
latour_2013_aime_en,latour,moderns,moderns,1,528939,Moderns,0
latour_2013_aime_en,latour,moderns,moderns,1,529977,Moderns,0
latour_2013_aime_en,latour,moderns,moderns,1,530929,Moderns,0
latour_2013_aime_en,latour,moderns,moderns,1,532457,Moderns,0
latour_2013_aime_en,latour,moderns,moderns,1,533441,Moderns,0
latour_2013_aime_en,latour,moderns,moderns,1,535315,Moderns,0
latour_2013_aime_en,latour,moderns,moderns,1,545395,Moderns,0
latour_2013_aime_en,latour,moderns,modernism,1,559107,modernism,0
latour_2013_aime_en,latour,moderns,moderns,1,571500,Moderns,0
latour_2013_aime_en,latour,moderns,modernization,1,574227,modernization,0
latour_2013_aime_en,latour,moderns,moderns,1,574467,Moderns,0
latour_2013_aime_en,latour,moderns,moderns,1,574732,Moderns,0
latour_2013_aime_en,latour,moderns,moderns,1,575336,Moderns,0
latour_2013_aime_en,latour,moderns,moderns,1,576511,Moderns,0
latour_2013_aime_en,latour,moderns,moderns,1,577082,Moderns,0
latour_2013_aime_en,latour,moderns,moderns,1,577308,Moderns,0
latour_2013_aime_en,latour,moderns,moderns,1,579325,Moderns,0
latour_2013_aime_en,latour,moderns,moderns,1,579682,Moderns,0
latour_2013_aime_en,latour,moderns,modernism,1,580029,modernism,0
latour_2013_aime_en,latour,moderns,modernization,1,580045,modernization,0
latour_2013_aime_en,latour,moderns,moderns,1,580088,Moderns,0
latour_2013_aime_en,latour,moderns,moderns,1,581363,Moderns,0
latour_2013_aime_en,latour,moderns,moderns,1,581682,Moderns,0
latour_2013_aime_en,latour,moderns,moderns,1,584649,Moderns,0
latour_2013_aime_en,latour,moderns,moderns,1,607993,Moderns,0
latour_2013_aime_en,latour,moderns,moderns,1,613286,Moderns,0
latour_2013_aime_en,latour,moderns,moderns,1,616331,Moderns,0
latour_2013_aime_en,latour,moderns,moderns,1,621291,Moderns,0
latour_2013_aime_en,latour,moderns,modernization,1,645395,modernization,0
latour_2013_aime_en,latour,moderns,moderns,1,646244,Moderns,0
latour_2013_aime_en,latour,moderns,moderns,1,650254,Moderns,0
latour_2013_aime_en,latour,moderns,moderns,1,652315,Moderns,0
latour_2013_aime_en,latour,moderns,moderns,1,652714,Moderns,0
latour_2013_aime_en,latour,moderns,moderns,1,653719,Moderns,0
latour_2013_aime_en,latour,moderns,moderns,1,654258,Moderns,0
latour_2013_aime_en,latour,moderns,modernism,1,659005,modernism,0
latour_2013_aime_en,latour,moderns,moderns,1,660123,Moderns,0
latour_2013_aime_en,latour,moderns,moderns,1,660992,Moderns,0
latour_2013_aime_en,latour,moderns,moderns,1,663165,Moderns,0
latour_2013_aime_en,latour,moderns,moderns,1,669295,Moderns,0
latour_2013_aime_en,latour,moderns,moderns,1,704630,Moderns,0
latour_2013_aime_en,latour,moderns,moderns,1,716773,Moderns,0
latour_2013_aime_en,latour,moderns,moderns,1,720782,Moderns,0
latour_2013_aime_en,latour,moderns,moderns,1,721251,Moderns,0
latour_2013_aime_en,latour,moderns,moderns,1,722111,Moderns,0
latour_2013_aime_en,latour,moderns,moderns,1,724929,Moderns,0
latour_2013_aime_en,latour,moderns,moderns,1,753569,Moderns,0
latour_2013_aime_en,latour,moderns,moderns,1,756345,Moderns,0
latour_2013_aime_en,latour,moderns,moderns,1,757125,Moderns,0
latour_2013_aime_en,latour,moderns,moderns,1,765018,Moderns,0
latour_2013_aime_en,latour,moderns,modernism,1,765335,modernism,0
latour_2013_aime_en,latour,moderns,moderns,1,765842,Moderns,0
latour_2013_aime_en,latour,moderns,modernizing,1,769446,modernizing,0
latour_2013_aime_en,latour,moderns,modernism,1,773757,modernism,0
latour_2013_aime_en,latour,moderns,modernism,1,774171,Modernism,0
latour_2013_aime_en,latour,moderns,moderns,1,775264,Moderns,0
latour_2013_aime_en,latour,moderns,modernizing,1,775645,modernizing,0
latour_2013_aime_en,latour,moderns,moderns,1,777944,Moderns,0
latour_2013_aime_en,latour,moderns,moderns,1,788777,Moderns,0
latour_2013_aime_en,latour,moderns,modernizing,1,788814,modernizing,0
latour_2013_aime_en,latour,moderns,modernism,1,789288,modernism,0
latour_2013_aime_en,latour,moderns,moderns,1,790095,Moderns,0
latour_2013_aime_en,latour,moderns,modernism,1,796171,modernism,0
latour_2013_aime_en,latour,moderns,moderns,1,796518,Moderns,0
latour_2013_aime_en,latour,moderns,moderns,1,799501,Moderns,0
latour_2013_aime_en,latour,moderns,moderns,1,806832,Moderns,0
latour_2013_aime_en,latour,moderns,moderns,1,807234,Moderns,0
latour_2013_aime_en,latour,moderns,moderns,1,807618,Moderns,0
latour_2013_aime_en,latour,moderns,moderns,1,808189,Moderns,0
latour_2013_aime_en,latour,moderns,moderns,1,816582,Moderns,0
latour_2013_aime_en,latour,moderns,moderns,1,816799,Moderns,0
latour_2013_aime_en,latour,moderns,modernism,1,851360,Modernism,0
latour_2013_aime_en,latour,moderns,moderns,1,851793,Moderns,0
latour_2013_aime_en,latour,moderns,modernism,1,859108,modernism,0
latour_2013_aime_en,latour,moderns,moderns,1,859166,Moderns,0
latour_2013_aime_en,latour,moderns,moderns,1,860804,Moderns,0
latour_2013_aime_en,latour,moderns,moderns,1,861958,Moderns,0
latour_2013_aime_en,latour,moderns,moderns,1,862673,Moderns,0
latour_2013_aime_en,latour,moderns,moderns,1,873527,Moderns,0
latour_2013_aime_en,latour,moderns,moderns,1,874048,Moderns,0
latour_2013_aime_en,latour,moderns,moderns,1,874504,Moderns,0
latour_2013_aime_en,latour,moderns,moderns,1,875496,Moderns,0
latour_2013_aime_en,latour,moderns,modernism,1,885364,modernism,0
latour_2013_aime_en,latour,moderns,moderns,1,888356,Moderns,0
latour_2013_aime_en,latour,moderns,moderns,1,890207,Moderns,0
latour_2013_aime_en,latour,moderns,moderns,1,892623,Moderns,0
latour_2013_aime_en,latour,moderns,moderns,1,893706,Moderns,0
latour_2013_aime_en,latour,moderns,moderns,1,893870,Moderns,0
latour_2013_aime_en,latour,moderns,moderns,1,894421,Moderns,0
latour_2013_aime_en,latour,moderns,moderns,1,898423,Moderns,0
latour_2013_aime_en,latour,moderns,moderns,1,899422,Moderns,0
latour_2013_aime_en,latour,moderns,moderns,1,907513,Moderns,0
latour_2013_aime_en,latour,moderns,moderns,1,927676,Moderns,0
latour_2013_aime_en,latour,moderns,moderns,1,927945,Moderns,0
latour_2013_aime_en,latour,moderns,moderns,1,954362,Moderns,0
latour_2013_aime_en,latour,moderns,moderns,1,956476,Moderns,0
latour_2013_aime_en,latour,moderns,moderns,1,958554,Moderns,0
latour_2013_aime_en,latour,moderns,moderns,1,963316,Moderns,0
latour_2013_aime_en,latour,moderns,moderns,1,963748,Moderns,0
latour_2013_aime_en,latour,moderns,modernism,1,967913,modernism,0
latour_2013_aime_en,latour,moderns,moderns,1,976902,Moderns,0
latour_2013_aime_en,latour,moderns,moderns,1,999938,Moderns,0
latour_2013_aime_en,latour,moderns,modernism,1,1011299,modernism,0
latour_2013_aime_en,latour,moderns,moderns,1,1011718,Moderns,0
latour_2013_aime_en,latour,moderns,moderns,1,1012138,Moderns,0
latour_2013_aime_en,latour,moderns,modernism,1,1015523,modernism,0
latour_2013_aime_en,latour,moderns,moderns,1,1015713,Moderns,0
latour_2013_aime_en,latour,moderns,moderns,1,1018544,Moderns,0
latour_2013_aime_en,latour,moderns,moderns,1,1021268,Moderns,0
latour_2013_aime_en,latour,moderns,moderns,1,1024546,Moderns,0
latour_2013_aime_en,latour,moderns,moderns,1,1026237,Moderns,0
latour_2013_aime_en,latour,moderns,moderns,1,1028647,Moderns,0
latour_2013_aime_en,latour,moderns,moderns,1,1032892,Moderns,0
latour_2013_aime_en,latour,moderns,moderns,1,1043659,Moderns,0
latour_2013_aime_en,latour,moderns,moderns,1,1044709,Moderns,0
latour_2013_aime_en,latour,moderns,moderns,1,1071553,Moderns,0
latour_2013_aime_en,latour,moderns,moderns,1,1078111,Moderns,0
latour_2013_aime_en,latour,moderns,moderns,1,1099281,Moderns,0
latour_2013_aime_en,latour,moderns,moderns,1,1103871,Moderns,0
latour_2013_aime_en,latour,moderns,moderns,1,1110129,Moderns,0
latour_2013_aime_en,latour,moderns,moderns,1,1110675,Moderns,0
latour_2013_aime_en,latour,moderns,moderns,1,1155707,Moderns,0
latour_2013_aime_en,latour,moderns,modernism,1,1161753,modernism,0
latour_2013_aime_en,latour,moderns,moderns,1,1166949,Moderns,0
latour_2013_aime_en,latour,moderns,moderns,1,1167723,Moderns,0
latour_2013_aime_en,latour,moderns,moderns,1,1172330,Moderns,0
latour_2013_aime_en,latour,moderns,moderns,1,1173111,Moderns,0
latour_2013_aime_en,latour,moderns,moderns,1,1180094,Moderns,0
latour_2013_aime_en,latour,moderns,moderns,1,1183622,Moderns,0
latour_2013_aime_en,latour,moderns,moderns,1,1188102,Moderns,0
latour_2013_aime_en,latour,moderns,moderns,1,1193391,Moderns,0
latour_2013_aime_en,latour,moderns,modernism,1,1199735,Modernism,0
latour_2013_aime_en,latour,moderns,moderns,1,1200605,Moderns,0
latour_2013_aime_en,latour,moderns,moderns,1,1201428,Moderns,0
latour_2013_aime_en,latour,moderns,moderns,1,1202729,Moderns,0
latour_2013_aime_en,latour,moderns,moderns,1,1218188,Moderns,0
latour_2013_aime_en,latour,moderns,moderns,1,1218720,Moderns,0
latour_2013_aime_en,latour,moderns,moderns,1,1222226,Moderns,0
latour_2013_aime_en,latour,moderns,moderns,1,1222803,Moderns,0
latour_2013_aime_en,latour,moderns,moderns,1,1223503,Moderns,0
latour_2013_aime_en,latour,moderns,moderns,1,1224121,Moderns,0
latour_2013_aime_en,latour,moderns,moderns,1,1225124,Moderns,0
latour_2013_aime_en,latour,moderns,moderns,1,1247217,Moderns,0
latour_2013_aime_en,latour,moderns,moderns,1,1248888,Moderns,0
latour_2013_aime_en,latour,moderns,moderns,1,1250096,Moderns,0
latour_2013_aime_en,latour,moderns,modernism,1,1250341,Modernism,0
latour_2013_aime_en,latour,moderns,modernism,1,1251741,Modernism,0
latour_2013_aime_en,latour,moderns,moderns,1,1257152,Moderns,0
latour_2013_aime_en,latour,moderns,moderns,1,1257257,Moderns,0
latour_2013_aime_en,latour,moderns,moderns,1,1264856,Moderns,0
latour_2013_aime_en,latour,moderns,moderns,1,1271937,Moderns,0
latour_2013_aime_en,latour,moderns,modernism,1,1273732,modernism,0
latour_2013_aime_en,latour,moderns,moderns,1,1275784,Moderns,0
latour_2013_aime_en,latour,moderns,modernization,1,1277186,modernization,0
latour_2013_aime_en,latour,moderns,modernizing,1,1277558,modernizing,0
latour_2013_aime_en,latour,moderns,moderns,1,1278479,Moderns,0
latour_2013_aime_en,latour,moderns,modernism,1,1285545,modernism,0
latour_2013_aime_en,latour,moderns,modernizing,1,1288551,modernizing,0
latour_2013_aime_en,latour,moderns,modernization,1,1289382,modernization,0
latour_2013_aime_en,latour,moderns,moderns,1,1289474,Moderns,0
latour_2013_aime_en,latour,moderns,modernization,1,1293054,modernization,0
latour_2013_aime_en,latour,moderns,modernity,1,1293355,modernity,0
latour_2013_aime_en,latour,moderns,modernization,1,1293369,modernization,0
latour_2013_aime_en,latour,moderns,modernism,1,1294205,modernism,0
latour_2013_aime_en,latour,moderns,modernization,1,1294347,modernization,0
latour_2013_aime_en,latour,moderns,modernizing,1,1294576,modernizing,0
latour_2013_aime_en,latour,moderns,modernizing,1,1294708,modernizing,0
latour_2013_aime_en,latour,moderns,moderns,1,1294824,Moderns,0
latour_2013_aime_en,latour,alteration,being-as-other,1,13753,being-as-other,0
latour_2013_aime_en,latour,alteration,alterations,1,13812,alterations,0
latour_2013_aime_en,latour,alteration,alteration,1,16243,alteration,0
latour_2013_aime_en,latour,alteration,alteration,1,18920,alteration,0
latour_2013_aime_en,latour,alteration,alteration,1,23279,alteration,0
latour_2013_aime_en,latour,alteration,alteration,1,28431,alteration,0
latour_2013_aime_en,latour,alteration,being-as-other,1,28445,being-as-other,0
latour_2013_aime_en,latour,alteration,alteration,1,30507,alteration,0
latour_2013_aime_en,latour,alteration,alteration,1,31926,alteration,0
latour_2013_aime_en,latour,alteration,altered,1,68431,altered,0
latour_2013_aime_en,latour,alteration,altering,1,202524,altering,0
latour_2013_aime_en,latour,alteration,altered,1,271259,altered,0
latour_2013_aime_en,latour,alteration,alteration,1,301168,alteration,0
latour_2013_aime_en,latour,alteration,alterations,1,301288,alterations,0
latour_2013_aime_en,latour,alteration,alteration,1,302547,alteration,0
latour_2013_aime_en,latour,alteration,alter,1,326011,alter,0
latour_2013_aime_en,latour,alteration,being-as-other,1,433505,being-as-other,0
latour_2013_aime_en,latour,alteration,alterations,1,433610,alterations,0
latour_2013_aime_en,latour,alteration,alterations,1,448845,alterations,0
latour_2013_aime_en,latour,alteration,being-as-other,1,462337,being-as-other,0
latour_2013_aime_en,latour,alteration,being-as-other,1,462465,being-as-other,0
latour_2013_aime_en,latour,alteration,alterations,1,464695,alterations,0
latour_2013_aime_en,latour,alteration,alteration,1,465435,alteration,0
latour_2013_aime_en,latour,alteration,being-as-other,1,465507,being-as-other,0
latour_2013_aime_en,latour,alteration,alterations,1,476686,alterations,0
latour_2013_aime_en,latour,alteration,being-as-other,1,509914,being-as-other,0
latour_2013_aime_en,latour,alteration,alteration,1,511519,alteration,0
latour_2013_aime_en,latour,alteration,being-as-other,1,514266,being-as-other,0
latour_2013_aime_en,latour,alteration,alteration,1,565781,alteration,0
latour_2013_aime_en,latour,alteration,alteration,1,565847,alteration,0
latour_2013_aime_en,latour,alteration,altering,1,566269,altering,0
latour_2013_aime_en,latour,alteration,alteration,1,566427,alteration,0
latour_2013_aime_en,latour,alteration,being-as-other,1,566482,being-as-other,0
latour_2013_aime_en,latour,alteration,alteration,1,567046,alteration,0
latour_2013_aime_en,latour,alteration,alteration,1,571747,alteration,0
latour_2013_aime_en,latour,alteration,being-as-other,1,571902,being-as-other,0
latour_2013_aime_en,latour,alteration,alteration,1,572186,alteration,0
latour_2013_aime_en,latour,alteration,being-as-other,1,572987,being-as-other,0
latour_2013_aime_en,latour,alteration,alterations,1,573892,alterations,0
latour_2013_aime_en,latour,alteration,alteration,1,599478,alteration,0
latour_2013_aime_en,latour,alteration,alteration,1,600613,alteration,0
latour_2013_aime_en,latour,alteration,alterations,1,606964,alterations,0
latour_2013_aime_en,latour,alteration,alteration,1,612629,alteration,0
latour_2013_aime_en,latour,alteration,being-as-other,1,623024,being-as-other,0
latour_2013_aime_en,latour,alteration,alteration,1,629354,alteration,0
latour_2013_aime_en,latour,alteration,being-as-other,1,630183,being-as-other,0
latour_2013_aime_en,latour,alteration,altered,1,630280,altered,0
latour_2013_aime_en,latour,alteration,alteration,1,648044,alteration,0
latour_2013_aime_en,latour,alteration,alteration,1,674512,alteration,0
latour_2013_aime_en,latour,alteration,alteration,1,674824,alteration,0
latour_2013_aime_en,latour,alteration,alteration,1,684681,alteration,0
latour_2013_aime_en,latour,alteration,altered,1,688044,altered,0
latour_2013_aime_en,latour,alteration,alteration,1,688064,Alteration,0
latour_2013_aime_en,latour,alteration,alteration,1,688078,alteration,0
latour_2013_aime_en,latour,alteration,being-as-other,1,706701,being-as-other,0
latour_2013_aime_en,latour,alteration,alteration,1,706873,alteration,0
latour_2013_aime_en,latour,alteration,being-as-other,1,709209,Being-as-other,0
latour_2013_aime_en,latour,alteration,alters,1,709234,alters,0
latour_2013_aime_en,latour,alteration,alterations,1,712503,alterations,0
latour_2013_aime_en,latour,alteration,being-as-other,1,734576,being-as-other,0
latour_2013_aime_en,latour,alteration,alteration,1,739673,alteration,0
latour_2013_aime_en,latour,alteration,being-as-other,1,740806,being-as-other,0
latour_2013_aime_en,latour,alteration,alteration,1,742230,alteration,0
latour_2013_aime_en,latour,alteration,being-as-other,1,750799,being-as-other,0
latour_2013_aime_en,latour,alteration,beingas-other,1,771310,Beingas-other,0
latour_2013_aime_en,latour,alteration,being-as-other,1,780369,being-as-other,0
latour_2013_aime_en,latour,alteration,alteration,1,780427,alteration,0
latour_2013_aime_en,latour,alteration,alterations,1,787901,alterations,0
latour_2013_aime_en,latour,alteration,alterations,1,788129,alterations,0
latour_2013_aime_en,latour,alteration,alteration,1,801657,alteration,0
latour_2013_aime_en,latour,alteration,altered,1,810403,altered,0
latour_2013_aime_en,latour,alteration,alterations,1,812641,alterations,0
latour_2013_aime_en,latour,alteration,alteration,1,830672,alteration,0
latour_2013_aime_en,latour,alteration,alteration,1,835542,alteration,0
latour_2013_aime_en,latour,alteration,being-as-other,1,845561,being-as-other,0
latour_2013_aime_en,latour,alteration,alteration,1,845674,alteration,0
latour_2013_aime_en,latour,alteration,alteration,1,845714,alteration,0
latour_2013_aime_en,latour,alteration,alteration,1,846251,alteration,0
latour_2013_aime_en,latour,alteration,alteration,1,847154,alteration,0
latour_2013_aime_en,latour,alteration,alterations,1,850437,alterations,0
latour_2013_aime_en,latour,alteration,being-as-other,1,946923,being-as-other,0
latour_2013_aime_en,latour,alteration,alteration,1,946967,alteration,0
latour_2013_aime_en,latour,alteration,alteration,1,947462,alteration,0
latour_2013_aime_en,latour,alteration,being-as-other,1,951638,being-as-other,0
latour_2013_aime_en,latour,alteration,alter,1,951657,alter,0
latour_2013_aime_en,latour,alteration,being-as-other,1,991107,being-as-other,0
latour_2013_aime_en,latour,alteration,alteration,1,991277,alteration,0
latour_2013_aime_en,latour,alteration,alterations,1,1005584,alterations,0
latour_2013_aime_en,latour,alteration,alteration,1,1015060,alteration,0
latour_2013_aime_en,latour,alteration,alteration,1,1022679,alteration,0
latour_2013_aime_en,latour,alteration,being-as-other,1,1022693,being-as-other,0
latour_2013_aime_en,latour,alteration,alteration,1,1065094,alteration,0
latour_2013_aime_en,latour,alteration,being-as-other,1,1069138,being-as-other,0
latour_2013_aime_en,latour,alteration,being-as-other,1,1069299,being-as-other,0
latour_2013_aime_en,latour,alteration,alteration,1,1105917,alteration,0
latour_2013_aime_en,latour,alteration,altered,1,1137622,altered,0
latour_2013_aime_en,latour,alteration,alterations,1,1150773,alterations,0
latour_2013_aime_en,latour,alteration,alteration,1,1157636,alteration,0
latour_2013_aime_en,latour,alteration,alteration,1,1158270,alteration,0
latour_2013_aime_en,latour,alteration,altered,1,1159450,altered,0
latour_2013_aime_en,latour,alteration,alterations,1,1162524,alterations,0
latour_2013_aime_en,latour,alteration,alteration,1,1162557,alteration,0
latour_2013_aime_en,latour,alteration,alteration,1,1166008,alteration,0
latour_2013_aime_en,latour,alteration,alteration,1,1184056,alteration,0
latour_2013_aime_en,latour,alteration,alterations,1,1211063,alterations,0
latour_2013_aime_en,latour,alteration,being-as-other,1,1213598,being-as-other,0
latour_2013_aime_en,latour,alteration,beingas-other,1,1225765,beingas-other,0
latour_2013_aime_en,latour,alteration,alteration,1,1232181,alteration,0
latour_2013_aime_en,latour,alteration,alteration,1,1232323,alteration,0
latour_2013_aime_en,latour,alteration,alteration,1,1299898,alteration,0
latour_2013_aime_en,latour,alteration,alteration,1,1303459,alteration,0
latour_2013_aime_en,latour,alteration,being-as-other,1,1303473,being-as-other,0
latour_2013_aime_en,latour,experience,experience,1,10396,experience,0
latour_2013_aime_en,latour,experience,experience,1,10585,experience,0
latour_2013_aime_en,latour,experience,experience,1,11343,experience,0
latour_2013_aime_en,latour,experience,experience,1,14629,experience,0
latour_2013_aime_en,latour,experience,experience,1,14663,experience,0
latour_2013_aime_en,latour,experience,experience,1,15644,experience,0
latour_2013_aime_en,latour,experience,experience,1,17110,experience,0
latour_2013_aime_en,latour,experience,experience,1,18545,experience,0
latour_2013_aime_en,latour,experience,experience,1,18716,experience,0
latour_2013_aime_en,latour,experience,experience,1,20323,experience,0
latour_2013_aime_en,latour,experience,experience,1,22639,experience,0
latour_2013_aime_en,latour,experience,experience,1,24876,experience,0
latour_2013_aime_en,latour,experience,experience,1,27767,experience,0
latour_2013_aime_en,latour,experience,experience,1,29446,experience,0
latour_2013_aime_en,latour,experience,experience,1,29755,experience,0
latour_2013_aime_en,latour,experience,experience,1,29968,experience,0
latour_2013_aime_en,latour,experience,experience,1,30216,experience,0
latour_2013_aime_en,latour,experience,experience,1,30932,Experience,0
latour_2013_aime_en,latour,experience,experience,1,31287,experience,0
latour_2013_aime_en,latour,experience,experience,1,31721,experience,0
latour_2013_aime_en,latour,experience,experience,1,32254,experience,0
latour_2013_aime_en,latour,experience,experiences,1,32972,experiences,0
latour_2013_aime_en,latour,experience,experiences,1,35302,experiences,0
latour_2013_aime_en,latour,experience,experiences,1,35424,experiences,0
latour_2013_aime_en,latour,experience,experiences,1,35523,experiences,0
latour_2013_aime_en,latour,experience,experiences,1,37298,experiences,0
latour_2013_aime_en,latour,experience,experience,1,38117,experience,0
latour_2013_aime_en,latour,experience,empirical,1,38283,empirical,0
latour_2013_aime_en,latour,experience,experience,1,40695,experience,0
latour_2013_aime_en,latour,experience,experience,1,40762,experience,0
latour_2013_aime_en,latour,experience,experience,1,40801,experience,0
latour_2013_aime_en,latour,experience,experience,1,40862,experience,0
latour_2013_aime_en,latour,experience,experience,1,42703,experience,0
latour_2013_aime_en,latour,experience,experience,1,61421,experience,0
latour_2013_aime_en,latour,experience,experience,1,61616,experience,0
latour_2013_aime_en,latour,experience,experience,1,70471,experience,0
latour_2013_aime_en,latour,experience,experience,1,70614,experience,0
latour_2013_aime_en,latour,experience,experience,1,71825,experience,0
latour_2013_aime_en,latour,experience,experience,1,71952,experience,0
latour_2013_aime_en,latour,experience,experience,1,72129,experience,0
latour_2013_aime_en,latour,experience,experience,1,72374,experience,0
latour_2013_aime_en,latour,experience,experiences,1,73701,experiences,0
latour_2013_aime_en,latour,experience,experience,1,73822,experience,0
latour_2013_aime_en,latour,experience,experience,1,74098,experience,0
latour_2013_aime_en,latour,experience,experiences,1,74349,experiences,0
latour_2013_aime_en,latour,experience,experiences,1,74465,experiences,0
latour_2013_aime_en,latour,experience,experience,1,89713,experience,0
latour_2013_aime_en,latour,experience,experience,1,90068,experience,0
latour_2013_aime_en,latour,experience,experiential,1,90241,experiential,0
latour_2013_aime_en,latour,experience,experience,1,91954,experience,0
latour_2013_aime_en,latour,experience,experiences,1,93567,experiences,0
latour_2013_aime_en,latour,experience,empirical,1,114975,empirical,0
latour_2013_aime_en,latour,experience,experiences,1,121717,experiences,0
latour_2013_aime_en,latour,experience,experienced,1,123807,experienced,0
latour_2013_aime_en,latour,experience,empirical,1,132942,empirical,0
latour_2013_aime_en,latour,experience,empirical,1,133204,empirical,0
latour_2013_aime_en,latour,experience,empirical,1,144089,empirical,0
latour_2013_aime_en,latour,experience,empirical,1,161808,empirical,0
latour_2013_aime_en,latour,experience,experiences,1,161885,experiences,0
latour_2013_aime_en,latour,experience,experience,1,187449,experience,0
latour_2013_aime_en,latour,experience,empirical,1,209411,empirical,0
latour_2013_aime_en,latour,experience,experience,1,289420,experience,0
latour_2013_aime_en,latour,experience,experience,1,289831,experience,0
latour_2013_aime_en,latour,experience,experience,1,290199,experience,0
latour_2013_aime_en,latour,experience,experience,1,292108,experience,0
latour_2013_aime_en,latour,experience,experience,1,300813,experience,0
latour_2013_aime_en,latour,experience,experience,1,306607,experience,0
latour_2013_aime_en,latour,experience,experience,1,312213,experience,0
latour_2013_aime_en,latour,experience,experience,1,312330,experience,0
latour_2013_aime_en,latour,experience,experience,1,332452,experience,0
latour_2013_aime_en,latour,experience,experience,1,338136,experience,0
latour_2013_aime_en,latour,experience,experienced,1,339602,experienced,0
latour_2013_aime_en,latour,experience,experience,1,341589,experience,0
latour_2013_aime_en,latour,experience,experience,1,341682,experience,0
latour_2013_aime_en,latour,experience,experience,1,342076,experience,0
latour_2013_aime_en,latour,experience,experience,1,343936,experience,0
latour_2013_aime_en,latour,experience,experience,1,346859,experience,0
latour_2013_aime_en,latour,experience,experience,1,350378,Experience,0
latour_2013_aime_en,latour,experience,experience,1,350450,experience,0
latour_2013_aime_en,latour,experience,experience,1,351850,experience,0
latour_2013_aime_en,latour,experience,experience,1,352884,experience,0
latour_2013_aime_en,latour,experience,experience,1,354448,experience,0
latour_2013_aime_en,latour,experience,experience,1,356151,experience,0
latour_2013_aime_en,latour,experience,experience,1,359448,experience,0
latour_2013_aime_en,latour,experience,experience,1,362497,experience,0
latour_2013_aime_en,latour,experience,experience,1,362521,experience,0
latour_2013_aime_en,latour,experience,experience,1,372756,experience,0
latour_2013_aime_en,latour,experience,experience,1,372925,experience,0
latour_2013_aime_en,latour,experience,experience,1,373090,Experience,0
latour_2013_aime_en,latour,experience,empirical,1,373209,empirical,0
latour_2013_aime_en,latour,experience,experiences,1,373290,experiences,0
latour_2013_aime_en,latour,experience,experience,1,374028,experience,0
latour_2013_aime_en,latour,experience,experience,1,375054,experience,0
latour_2013_aime_en,latour,experience,experience,1,386269,experience,0
latour_2013_aime_en,latour,experience,experience,1,421343,experience,0
latour_2013_aime_en,latour,experience,experience,1,431340,experience,0
latour_2013_aime_en,latour,experience,experience,1,433569,experience,0
latour_2013_aime_en,latour,experience,experience,1,433652,experience,0
latour_2013_aime_en,latour,experience,experience,1,435488,experience,0
latour_2013_aime_en,latour,experience,experience,1,437146,experience,0
latour_2013_aime_en,latour,experience,experience,1,438313,experience,0
latour_2013_aime_en,latour,experience,experience,1,462789,experience,0
latour_2013_aime_en,latour,experience,experience,1,463618,experience,0
latour_2013_aime_en,latour,experience,experience,1,463696,experience,0
latour_2013_aime_en,latour,experience,experience,1,500257,experience,0
latour_2013_aime_en,latour,experience,experience,1,500420,experience,0
latour_2013_aime_en,latour,experience,experience,1,508099,experience,0
latour_2013_aime_en,latour,experience,experience,1,508267,experience,0
latour_2013_aime_en,latour,experience,experience,1,508326,experience,0
latour_2013_aime_en,latour,experience,experience,1,508551,experience,0
latour_2013_aime_en,latour,experience,experience,1,508899,experience,0
latour_2013_aime_en,latour,experience,experience,1,509147,experience,0
latour_2013_aime_en,latour,experience,experience,1,510135,Experience,0
latour_2013_aime_en,latour,experience,experience,1,511472,experience,0
latour_2013_aime_en,latour,experience,experiences,1,515251,experiences,0
latour_2013_aime_en,latour,experience,experience,1,517250,experience,0
latour_2013_aime_en,latour,experience,experience,1,524643,experience,0
latour_2013_aime_en,latour,experience,experience,1,533160,experience,0
latour_2013_aime_en,latour,experience,experience,1,533301,experience,0
latour_2013_aime_en,latour,experience,experience,1,533372,experience,0
latour_2013_aime_en,latour,experience,experience,1,534181,experience,0
latour_2013_aime_en,latour,experience,experience,1,535826,experience,0
latour_2013_aime_en,latour,experience,experience,1,535905,experience,0
latour_2013_aime_en,latour,experience,experience,1,536317,experience,0
latour_2013_aime_en,latour,experience,empirical,1,546530,empirical,0
latour_2013_aime_en,latour,experience,experience,1,552527,experience,0
latour_2013_aime_en,latour,experience,experience,1,553021,Experience,0
latour_2013_aime_en,latour,experience,experience,1,553716,experience,0
latour_2013_aime_en,latour,experience,experiences,1,577193,experiences,0
latour_2013_aime_en,latour,experience,experience,1,578578,experience,0
latour_2013_aime_en,latour,experience,experience,1,579764,experience,0
latour_2013_aime_en,latour,experience,experience,1,600860,experience,0
latour_2013_aime_en,latour,experience,experience,1,600886,experience,0
latour_2013_aime_en,latour,experience,experience,1,602127,experience,0
latour_2013_aime_en,latour,experience,experience,1,606105,experience,0
latour_2013_aime_en,latour,experience,experience,1,607450,experience,0
latour_2013_aime_en,latour,experience,experience,1,613583,experience,0
latour_2013_aime_en,latour,experience,experience,1,647159,experience,0
latour_2013_aime_en,latour,experience,experience,1,647699,experience,0
latour_2013_aime_en,latour,experience,experience,1,648648,experience,0
latour_2013_aime_en,latour,experience,experience,1,652440,experience,0
latour_2013_aime_en,latour,experience,experience,1,655040,experience,0
latour_2013_aime_en,latour,experience,experience,1,658556,experience,0
latour_2013_aime_en,latour,experience,experience,1,665796,experience,0
latour_2013_aime_en,latour,experience,experience,1,665854,experience,0
latour_2013_aime_en,latour,experience,experienced,1,680336,experienced,0
latour_2013_aime_en,latour,experience,experienced,1,680609,experienced,0
latour_2013_aime_en,latour,experience,experience,1,683953,experience,0
latour_2013_aime_en,latour,experience,experienced,1,695579,experienced,0
latour_2013_aime_en,latour,experience,experience,1,711603,experience,0
latour_2013_aime_en,latour,experience,experience,1,716052,experience,0
latour_2013_aime_en,latour,experience,empirical,1,723669,empirical,0
latour_2013_aime_en,latour,experience,experience,1,724085,experience,0
latour_2013_aime_en,latour,experience,experience,1,735951,experience,0
latour_2013_aime_en,latour,experience,experience,1,736982,experience,0
latour_2013_aime_en,latour,experience,experience,1,741911,experience,0
latour_2013_aime_en,latour,experience,experience,1,753882,experience,0
latour_2013_aime_en,latour,experience,experience,1,778269,experience,0
latour_2013_aime_en,latour,experience,experiences,1,780095,experiences,0
latour_2013_aime_en,latour,experience,experience,1,800455,experience,0
latour_2013_aime_en,latour,experience,experience,1,802111,experience,0
latour_2013_aime_en,latour,experience,experience,1,814510,experience,0
latour_2013_aime_en,latour,experience,experience,1,814638,experience,0
latour_2013_aime_en,latour,experience,experience,1,816849,experience,0
latour_2013_aime_en,latour,experience,experience,1,820566,experience,0
latour_2013_aime_en,latour,experience,experience,1,834878,experience,0
latour_2013_aime_en,latour,experience,experience,1,835933,experience,0
latour_2013_aime_en,latour,experience,experience,1,862495,experience,0
latour_2013_aime_en,latour,experience,experience,1,883851,experience,0
latour_2013_aime_en,latour,experience,experience,1,888457,experience,0
latour_2013_aime_en,latour,experience,experience,1,891880,experience,0
latour_2013_aime_en,latour,experience,experience,1,893839,experience,0
latour_2013_aime_en,latour,experience,experience,1,908102,experience,0
latour_2013_aime_en,latour,experience,experience,1,908526,experience,0
latour_2013_aime_en,latour,experience,experience,1,909698,experience,0
latour_2013_aime_en,latour,experience,experience,1,917593,experience,0
latour_2013_aime_en,latour,experience,experience,1,959104,experience,0
latour_2013_aime_en,latour,experience,experience,1,967968,experience,0
latour_2013_aime_en,latour,experience,experience,1,970372,experience,0
latour_2013_aime_en,latour,experience,experience,1,979143,experience,0
latour_2013_aime_en,latour,experience,experience,1,980044,experience,0
latour_2013_aime_en,latour,experience,empirical,1,1013488,empirical,0
latour_2013_aime_en,latour,experience,experience,1,1022741,experience,0
latour_2013_aime_en,latour,experience,experience,1,1032763,experience,0
latour_2013_aime_en,latour,experience,experience,1,1033666,experience,0
latour_2013_aime_en,latour,experience,experience,1,1033857,experience,0
latour_2013_aime_en,latour,experience,empirical,1,1039701,empirical,0
latour_2013_aime_en,latour,experience,experience,1,1042506,experience,0
latour_2013_aime_en,latour,experience,experience,1,1044159,experience,0
latour_2013_aime_en,latour,experience,experience,1,1044418,experience,0
latour_2013_aime_en,latour,experience,experience,1,1044655,experience,0
latour_2013_aime_en,latour,experience,experience,1,1054340,experience,0
latour_2013_aime_en,latour,experience,experience,1,1069965,experience,0
latour_2013_aime_en,latour,experience,experience,1,1070150,experience,0
latour_2013_aime_en,latour,experience,experience,1,1071532,experience,0
latour_2013_aime_en,latour,experience,experience,1,1078265,experience,0
latour_2013_aime_en,latour,experience,experience,1,1101806,experience,0
latour_2013_aime_en,latour,experience,experience,1,1104212,experience,0
latour_2013_aime_en,latour,experience,experience,1,1105289,experience,0
latour_2013_aime_en,latour,experience,experience,1,1105350,experience,0
latour_2013_aime_en,latour,experience,experience,1,1105940,experience,0
latour_2013_aime_en,latour,experience,experience,1,1106139,experience,0
latour_2013_aime_en,latour,experience,experience,1,1107149,experience,0
latour_2013_aime_en,latour,experience,experience,1,1107307,experience,0
latour_2013_aime_en,latour,experience,experience,1,1107990,experience,0
latour_2013_aime_en,latour,experience,experience,1,1109650,experience,0
latour_2013_aime_en,latour,experience,experience,1,1110352,experience,0
latour_2013_aime_en,latour,experience,experience,1,1123311,experience,0
latour_2013_aime_en,latour,experience,experience,1,1127102,experience,0
latour_2013_aime_en,latour,experience,experience,1,1127780,experience,0
latour_2013_aime_en,latour,experience,experience,1,1127866,experience,0
latour_2013_aime_en,latour,experience,experience,1,1128044,experience,0
latour_2013_aime_en,latour,experience,experience,1,1128332,experience,0
latour_2013_aime_en,latour,experience,experience,1,1128594,experience,0
latour_2013_aime_en,latour,experience,experience,1,1131263,experience,0
latour_2013_aime_en,latour,experience,experience,1,1132117,experience,0
latour_2013_aime_en,latour,experience,experience,1,1140571,experience,0
latour_2013_aime_en,latour,experience,experience,1,1141236,experience,0
latour_2013_aime_en,latour,experience,experience,1,1142615,experience,0
latour_2013_aime_en,latour,experience,experience,1,1144345,experience,0
latour_2013_aime_en,latour,experience,experience,1,1144588,experience,0
latour_2013_aime_en,latour,experience,experience,1,1144853,experience,0
latour_2013_aime_en,latour,experience,experience,1,1146314,experience,0
latour_2013_aime_en,latour,experience,experience,1,1147665,experience,0
latour_2013_aime_en,latour,experience,experience,1,1148605,experience,0
latour_2013_aime_en,latour,experience,experience,1,1151705,experience,0
latour_2013_aime_en,latour,experience,experiences,1,1157861,experiences,0
latour_2013_aime_en,latour,experience,experience,1,1163294,experience,0
latour_2013_aime_en,latour,experience,experience,1,1163586,experience,0
latour_2013_aime_en,latour,experience,experience,1,1163622,experience,0
latour_2013_aime_en,latour,experience,experience,1,1164380,experience,0
latour_2013_aime_en,latour,experience,experience,1,1182128,experience,0
latour_2013_aime_en,latour,experience,experience,1,1182341,Experience,0
latour_2013_aime_en,latour,experience,experience,1,1182921,experience,0
latour_2013_aime_en,latour,experience,experience,1,1183101,experience,0
latour_2013_aime_en,latour,experience,experience,1,1183835,experience,0
latour_2013_aime_en,latour,experience,experience,1,1185989,experience,0
latour_2013_aime_en,latour,experience,experience,1,1186194,Experience,0
latour_2013_aime_en,latour,experience,experience,1,1186798,experience,0
latour_2013_aime_en,latour,experience,experience,1,1191784,Experience,0
latour_2013_aime_en,latour,experience,empirical,1,1193272,empirical,0
latour_2013_aime_en,latour,experience,experience,1,1196791,experience,0
latour_2013_aime_en,latour,experience,experience,1,1197143,experience,0
latour_2013_aime_en,latour,experience,experience,1,1197537,Experience,0
latour_2013_aime_en,latour,experience,experience,1,1203087,Experience,0
latour_2013_aime_en,latour,experience,experience,1,1208710,Experience,0
latour_2013_aime_en,latour,experience,experience,1,1214444,Experience,0
latour_2013_aime_en,latour,experience,experience,1,1218328,experience,0
latour_2013_aime_en,latour,experience,experience,1,1220031,Experience,0
latour_2013_aime_en,latour,experience,empirical,1,1220284,empirical,0
latour_2013_aime_en,latour,experience,experiences,1,1220651,experiences,0
latour_2013_aime_en,latour,experience,experience,1,1221000,experience,0
latour_2013_aime_en,latour,experience,experience,1,1221278,experience,0
latour_2013_aime_en,latour,experience,experience,1,1222198,experience,0
latour_2013_aime_en,latour,experience,experience,1,1225527,Experience,0
latour_2013_aime_en,latour,experience,experience,1,1225912,experience,0
latour_2013_aime_en,latour,experience,experience,1,1231050,Experience,0
latour_2013_aime_en,latour,experience,empirical,1,1231144,empirical,0
latour_2013_aime_en,latour,experience,experience,1,1234348,experience,0
latour_2013_aime_en,latour,experience,experience,1,1236579,Experience,0
latour_2013_aime_en,latour,experience,experience,1,1242152,Experience,0
latour_2013_aime_en,latour,experience,experience,1,1247427,experience,0
latour_2013_aime_en,latour,experience,experience,1,1247816,Experience,0
latour_2013_aime_en,latour,experience,experience,1,1250078,experience,0
latour_2013_aime_en,latour,experience,experience,1,1253438,Experience,0
latour_2013_aime_en,latour,experience,experience,1,1253593,experience,0
latour_2013_aime_en,latour,experience,experience,1,1259202,Experience,0
latour_2013_aime_en,latour,experience,experience,1,1264769,Experience,0
latour_2013_aime_en,latour,experience,experiences,1,1268906,experiences,0
latour_2013_aime_en,latour,experience,experiences,1,1271591,experiences,0
latour_2013_aime_en,latour,experience,experiences,1,1273494,experiences,0
latour_2013_aime_en,latour,experience,experience,1,1279689,experience,0
latour_2013_aime_en,latour,experience,experience,1,1280944,experience,0
latour_2013_aime_en,latour,experience,experiences,1,1281267,experiences,0
latour_2013_aime_en,latour,experience,empirical,1,1284224,empirical,0
latour_2013_aime_en,latour,experience,experience,1,1288937,experience,0
