obra,autor_yaml,grupo,termo_encontrado,pagina,posicao_no_texto,trecho_central,descartado_por_exclusao
latour_1987_science_action_en,latour,inscription,inscriptions,1,187949,Inscriptions,0
latour_1987_science_action_en,latour,inscription,inscription,1,199342,inscription,0
latour_1987_science_action_en,latour,inscription,inscription,1,199991,inscription,0
latour_1987_science_action_en,latour,inscription,inscriptions,1,202963,inscriptions,0
latour_1987_science_action_en,latour,inscription,inscriptions,1,204483,inscriptions,0
latour_1987_science_action_en,latour,inscription,inscriptions,1,204742,Inscriptions,0
latour_1987_science_action_en,latour,inscription,inscriptions,1,204770,inscriptions,0
latour_1987_science_action_en,latour,inscription,inscription,1,205815,inscription,0
latour_1987_science_action_en,latour,inscription,inscriptions,1,206511,inscriptions,0
latour_1987_science_action_en,latour,inscription,inscription,1,207526,inscription,0
latour_1987_science_action_en,latour,inscription,inscriptions,1,210923,inscriptions,0
latour_1987_science_action_en,latour,inscription,inscriptions,1,211698,inscriptions,0
latour_1987_science_action_en,latour,inscription,inscriptions,1,225155,inscriptions,0
latour_1987_science_action_en,latour,inscription,inscriptions,1,235976,inscriptions,0
latour_1987_science_action_en,latour,inscription,inscriptions,1,236043,inscriptions,0
latour_1987_science_action_en,latour,inscription,inscriptions,1,236691,inscriptions,0
latour_1987_science_action_en,latour,inscription,inscriptions,1,242018,inscriptions,0
latour_1987_science_action_en,latour,inscription,inscriptions,1,243056,inscriptions,0
latour_1987_science_action_en,latour,inscription,inscriptions,1,261600,inscriptions,0
latour_1987_science_action_en,latour,inscription,inscriptions,1,261672,inscriptions,0
latour_1987_science_action_en,latour,inscription,inscriptions,1,285243,inscriptions,0
latour_1987_science_action_en,latour,inscription,inscription,1,653025,inscription,0
latour_1987_science_action_en,latour,inscription,inscriptions,1,653386,inscriptions,0
latour_1987_science_action_en,latour,inscription,inscriptions,1,653607,inscriptions,0
latour_1987_science_action_en,latour,inscription,inscriptions,1,653747,inscriptions,0
latour_1987_science_action_en,latour,inscription,inscriptions,1,654023,inscriptions,0
latour_1987_science_action_en,latour,inscription,inscriptions,1,654683,inscriptions,0
latour_1987_science_action_en,latour,inscription,inscriptions,1,690146,inscriptions,0
latour_1987_science_action_en,latour,inscription,inscription,1,693209,inscription,0
latour_1987_science_action_en,latour,inscription,inscription,1,700820,inscription,0
latour_1987_science_action_en,latour,inscription,inscriptions,1,702225,inscriptions,0
latour_1987_science_action_en,latour,inscription,inscriptions,1,703434,inscriptions,0
latour_1987_science_action_en,latour,inscription,inscriptions,1,703748,inscriptions,0
latour_1987_science_action_en,latour,inscription,inscriptions,1,704154,inscriptions,0
latour_1987_science_action_en,latour,inscription,inscriptions,1,706723,inscriptions,0
latour_1987_science_action_en,latour,inscription,inscription,1,706964,inscription,0
latour_1987_science_action_en,latour,inscription,inscription,1,707163,inscription,0
latour_1987_science_action_en,latour,inscription,inscription,1,707556,inscription,0
latour_1987_science_action_en,latour,inscription,inscriptions,1,708026,inscriptions,0
latour_1987_science_action_en,latour,inscription,inscriptions,1,708192,inscriptions,0
latour_1987_science_action_en,latour,inscription,inscriptions,1,713169,inscriptions,0
latour_1987_science_action_en,latour,inscription,inscriptions,1,715289,inscriptions,0
latour_1987_science_action_en,latour,inscription,inscriptions,1,717032,inscriptions,0
latour_1987_science_action_en,latour,inscription,inscription,1,718124,inscription,0
latour_1987_science_action_en,latour,inscription,inscriptions,1,720220,inscriptions,0
latour_1987_science_action_en,latour,inscription,inscriptions,1,722464,inscriptions,0
latour_1987_science_action_en,latour,inscription,inscriptions,1,723414,inscriptions,0
latour_1987_science_action_en,latour,inscription,inscriptions,1,727704,inscriptions,0
latour_1987_science_action_en,latour,inscription,inscriptions,1,729275,inscriptions,0
latour_1987_science_action_en,latour,inscription,inscriptions,1,730628,inscriptions,0
latour_1987_science_action_en,latour,inscription,inscriptions,1,734914,inscriptions,0
latour_1987_science_action_en,latour,inscription,inscriptions,1,735451,inscriptions,0
latour_1987_science_action_en,latour,inscription,inscription,1,741744,inscription,0
latour_1987_science_action_en,latour,inscription,inscriptions,1,744227,inscriptions,0
latour_1987_science_action_en,latour,inscription,inscriptions,1,745352,inscriptions,0
latour_1987_science_action_en,latour,inscription,inscriptions,1,746990,inscriptions,0
latour_1987_science_action_en,latour,inscription,inscriptions,1,747728,inscriptions,0
latour_1987_science_action_en,latour,inscription,inscriptions,1,747815,inscriptions,0
latour_1987_science_action_en,latour,inscription,inscription,1,779412,inscription,0
latour_1987_science_action_en,latour,inscription,inscriptions,1,785090,inscriptions,0
latour_1987_science_action_en,latour,inscription,inscription,1,821756,inscription,0
latour_1987_science_action_en,latour,inscription,inscription,1,821773,inscription,0
latour_1987_science_action_en,latour,immutable_mobile,immutable mobiles,1,688758,immutable mobiles,0
latour_1987_science_action_en,latour,immutable_mobile,immutable mobile,1,692731,immutable mobile,0
latour_1987_science_action_en,latour,immutable_mobile,immutable mobiles,1,714863,immutable mobiles,0
latour_1987_science_action_en,latour,immutable_mobile,immutable mobiles,1,821607,immutable mobiles,0
latour_1987_science_action_en,latour,black_box,black box,1,314,Black Box,0
latour_1987_science_action_en,latour,black_box,black box,1,6794,Black Box,0
latour_1987_science_action_en,latour,black_box,black box,1,8858,Black Box,0
latour_1987_science_action_en,latour,black_box,black box,1,14205,black box,0
latour_1987_science_action_en,latour,black_box,black boxes,1,14493,black boxes,0
latour_1987_science_action_en,latour,black_box,black boxes,1,15163,black boxes,0
latour_1987_science_action_en,latour,black_box,black boxes,1,18232,black boxes,0
latour_1987_science_action_en,latour,black_box,black boxes,1,18303,black boxes,0
latour_1987_science_action_en,latour,black_box,black boxes,1,18693,black boxes,0
latour_1987_science_action_en,latour,black_box,black box,1,18916,black box,0
latour_1987_science_action_en,latour,black_box,black box,1,22149,black box,0
latour_1987_science_action_en,latour,black_box,black boxes,1,26491,black boxes,0
latour_1987_science_action_en,latour,black_box,black box,1,30058,black box,0
latour_1987_science_action_en,latour,black_box,black box,1,38497,black box,0
latour_1987_science_action_en,latour,black_box,black box,1,45381,black box,0
latour_1987_science_action_en,latour,black_box,black boxes,1,47209,black boxes,0
latour_1987_science_action_en,latour,black_box,black boxes,1,50393,black boxes,0
latour_1987_science_action_en,latour,black_box,black boxing,1,56406,black boxing,0
latour_1987_science_action_en,latour,black_box,black box,1,56738,black box,0
latour_1987_science_action_en,latour,black_box,black box,1,62231,black box,0
latour_1987_science_action_en,latour,black_box,black box,1,63827,black box,0
latour_1987_science_action_en,latour,black_box,black box,1,66442,black box,0
latour_1987_science_action_en,latour,black_box,black box,1,77694,black box,0
latour_1987_science_action_en,latour,black_box,black box,1,80032,black box,0
latour_1987_science_action_en,latour,black_box,black box,1,81127,black box,0
latour_1987_science_action_en,latour,black_box,black box,1,81292,black box,0
latour_1987_science_action_en,latour,black_box,black box,1,81785,black box,0
latour_1987_science_action_en,latour,black_box,black boxes,1,84489,black boxes,0
latour_1987_science_action_en,latour,black_box,black box,1,84723,black box,0
latour_1987_science_action_en,latour,black_box,black box,1,98403,black box,0
latour_1987_science_action_en,latour,black_box,black boxes,1,102831,black boxes,0
latour_1987_science_action_en,latour,black_box,black box,1,103056,black box,0
latour_1987_science_action_en,latour,black_box,black box,1,118560,black box,0
latour_1987_science_action_en,latour,black_box,black box,1,121405,black box,0
latour_1987_science_action_en,latour,black_box,"black
box",1,144214,"black
box",0
latour_1987_science_action_en,latour,black_box,black box,1,162396,black box,0
latour_1987_science_action_en,latour,black_box,black boxes,1,167887,black boxes,0
latour_1987_science_action_en,latour,black_box,black boxes,1,171028,black boxes,0
latour_1987_science_action_en,latour,black_box,black boxes,1,172616,black boxes,0
latour_1987_science_action_en,latour,black_box,black box,1,179235,black box,0
latour_1987_science_action_en,latour,black_box,black box,1,201632,black box,0
latour_1987_science_action_en,latour,black_box,black boxes,1,229202,black boxes,0
latour_1987_science_action_en,latour,black_box,black boxes,1,231977,black boxes,0
latour_1987_science_action_en,latour,black_box,black boxes,1,232677,black boxes,0
latour_1987_science_action_en,latour,black_box,black boxes,1,238302,black boxes,0
latour_1987_science_action_en,latour,black_box,black box,1,238706,black box,0
latour_1987_science_action_en,latour,black_box,"black
boxes",1,238946,"black
boxes",0
latour_1987_science_action_en,latour,black_box,black boxes,1,239077,black boxes,0
latour_1987_science_action_en,latour,black_box,black boxes,1,239976,black boxes,0
latour_1987_science_action_en,latour,black_box,"black
box",1,242543,"black
box",0
latour_1987_science_action_en,latour,black_box,black box,1,245165,black box,0
latour_1987_science_action_en,latour,black_box,black boxes,1,245876,black boxes,0
latour_1987_science_action_en,latour,black_box,black boxes,1,247926,black boxes,0
latour_1987_science_action_en,latour,black_box,black boxes,1,248384,black boxes,0
latour_1987_science_action_en,latour,black_box,black boxes,1,248925,black boxes,0
latour_1987_science_action_en,latour,black_box,black boxes,1,249043,black boxes,0
latour_1987_science_action_en,latour,black_box,black boxes,1,257253,black boxes,0
latour_1987_science_action_en,latour,black_box,black box,1,258139,black box,0
latour_1987_science_action_en,latour,black_box,black box,1,259739,black box,0
latour_1987_science_action_en,latour,black_box,black boxes,1,260451,black boxes,0
latour_1987_science_action_en,latour,black_box,black box,1,277133,black box,0
latour_1987_science_action_en,latour,black_box,black boxes,1,278906,black boxes,0
latour_1987_science_action_en,latour,black_box,black boxes,1,279181,black boxes,0
latour_1987_science_action_en,latour,black_box,black boxes,1,280817,black boxes,0
latour_1987_science_action_en,latour,black_box,blackboxing,1,280847,blackboxing,0
latour_1987_science_action_en,latour,black_box,black boxes,1,281165,black boxes,0
latour_1987_science_action_en,latour,black_box,black boxes,1,281323,black boxes,0
latour_1987_science_action_en,latour,black_box,black boxes,1,283253,black boxes,0
latour_1987_science_action_en,latour,black_box,black boxes,1,285059,black boxes,0
latour_1987_science_action_en,latour,black_box,black boxes,1,293951,black boxes,0
latour_1987_science_action_en,latour,black_box,black box,1,303542,black box,0
latour_1987_science_action_en,latour,black_box,black box,1,309568,black box,0
latour_1987_science_action_en,latour,black_box,black box,1,310091,black box,0
latour_1987_science_action_en,latour,black_box,"black
box",1,310444,"black
box",0
latour_1987_science_action_en,latour,black_box,black box,1,314203,black box,0
latour_1987_science_action_en,latour,black_box,black box,1,314314,black box,0
latour_1987_science_action_en,latour,black_box,black box,1,314941,black box,0
latour_1987_science_action_en,latour,black_box,black box,1,315314,black box,0
latour_1987_science_action_en,latour,black_box,black box,1,316422,black box,0
latour_1987_science_action_en,latour,black_box,black box,1,318080,black box,0
latour_1987_science_action_en,latour,black_box,black box,1,319894,black box,0
latour_1987_science_action_en,latour,black_box,black boxes,1,321866,black boxes,0
latour_1987_science_action_en,latour,black_box,black boxes,1,324660,black boxes,0
latour_1987_science_action_en,latour,black_box,black boxes,1,324820,black boxes,0
latour_1987_science_action_en,latour,black_box,black box,1,335350,black box,0
latour_1987_science_action_en,latour,black_box,black boxes,1,335975,black boxes,0
latour_1987_science_action_en,latour,black_box,black boxes,1,344062,black boxes,0
latour_1987_science_action_en,latour,black_box,black box,1,354694,black box,0
latour_1987_science_action_en,latour,black_box,black box,1,359831,black box,0
latour_1987_science_action_en,latour,black_box,black boxes,1,360600,black boxes,0
latour_1987_science_action_en,latour,black_box,"black
box",1,363048,"black
box",0
latour_1987_science_action_en,latour,black_box,black box,1,367762,black box,0
latour_1987_science_action_en,latour,black_box,black box,1,372193,black box,0
latour_1987_science_action_en,latour,black_box,black box,1,372969,black box,0
latour_1987_science_action_en,latour,black_box,black box,1,378004,black box,0
latour_1987_science_action_en,latour,black_box,black box,1,379379,black box,0
latour_1987_science_action_en,latour,black_box,black box,1,383011,black box,0
latour_1987_science_action_en,latour,black_box,black boxes,1,386896,black boxes,0
latour_1987_science_action_en,latour,black_box,black box,1,395301,black box,0
latour_1987_science_action_en,latour,black_box,black box,1,395746,black box,0
latour_1987_science_action_en,latour,black_box,black box,1,396856,black box,0
latour_1987_science_action_en,latour,black_box,black box,1,397941,black box,0
latour_1987_science_action_en,latour,black_box,black box,1,398044,black box,0
latour_1987_science_action_en,latour,black_box,black box,1,399860,black box,0
latour_1987_science_action_en,latour,black_box,black boxes,1,399987,black boxes,0
latour_1987_science_action_en,latour,black_box,black boxes,1,400367,black boxes,0
latour_1987_science_action_en,latour,black_box,black box,1,414915,black box,0
latour_1987_science_action_en,latour,black_box,black box,1,415220,black box,0
latour_1987_science_action_en,latour,black_box,black box,1,415741,black box,0
latour_1987_science_action_en,latour,black_box,black box,1,416881,black box,0
latour_1987_science_action_en,latour,black_box,black box,1,416993,black box,0
latour_1987_science_action_en,latour,black_box,black box,1,417362,black box,0
latour_1987_science_action_en,latour,black_box,black box,1,417621,black box,0
latour_1987_science_action_en,latour,black_box,black box,1,420557,black box,0
latour_1987_science_action_en,latour,black_box,black box,1,422663,black box,0
latour_1987_science_action_en,latour,black_box,black box,1,423046,black box,0
latour_1987_science_action_en,latour,black_box,black boxes,1,423350,black boxes,0
latour_1987_science_action_en,latour,black_box,black boxes,1,423599,black boxes,0
latour_1987_science_action_en,latour,black_box,black box,1,424238,black box,0
latour_1987_science_action_en,latour,black_box,black boxes,1,427234,black boxes,0
latour_1987_science_action_en,latour,black_box,black box,1,443833,black box,0
latour_1987_science_action_en,latour,black_box,black boxes,1,495569,black boxes,0
latour_1987_science_action_en,latour,black_box,black boxes,1,495799,black boxes,0
latour_1987_science_action_en,latour,black_box,black boxes,1,507251,black boxes,0
latour_1987_science_action_en,latour,black_box,black box,1,511344,black box,0
latour_1987_science_action_en,latour,black_box,black boxes,1,513092,black boxes,0
latour_1987_science_action_en,latour,black_box,black boxes,1,533077,black boxes,0
latour_1987_science_action_en,latour,black_box,black boxes,1,534019,black boxes,0
latour_1987_science_action_en,latour,black_box,black box,1,613819,black box,0
latour_1987_science_action_en,latour,black_box,black boxes,1,619350,black boxes,0
latour_1987_science_action_en,latour,black_box,black boxes,1,621570,black boxes,0
latour_1987_science_action_en,latour,black_box,"black
boxes",1,768424,"black
boxes",0
latour_1987_science_action_en,latour,black_box,black box,1,818545,black box,0
latour_1987_science_action_en,latour,black_box,black-box,1,820689,black-box,0
latour_1987_science_action_en,latour,centre_of_calculation,centres of calculation,1,3782,Centres of Calculation,0
latour_1987_science_action_en,latour,centre_of_calculation,centres of calculation,1,4153,Centres of calculation,0
latour_1987_science_action_en,latour,centre_of_calculation,centres of calculation,1,7776,Centres of calculation,0
latour_1987_science_action_en,latour,centre_of_calculation,centres of calculation,1,7892,Centres of calculation,0
latour_1987_science_action_en,latour,centre_of_calculation,centres of calculation,1,642778,Centres of Calculation,0
latour_1987_science_action_en,latour,centre_of_calculation,centres of calculation,1,700678,Centres of calculation,0
latour_1987_science_action_en,latour,centre_of_calculation,"centres of
calculation",1,722110,"centres of
calculation",0
latour_1987_science_action_en,latour,centre_of_calculation,centres of calculation,1,727610,centres of calculation,0
latour_1987_science_action_en,latour,centre_of_calculation,centres of calculation,1,728177,centres of calculation,0
latour_1987_science_action_en,latour,centre_of_calculation,centres of calculation,1,734170,centres of calculation,0
latour_1987_science_action_en,latour,centre_of_calculation,centres of calculation,1,737884,centres of calculation,0
latour_1987_science_action_en,latour,centre_of_calculation,centres of calculation,1,742030,centres of calculation,0
latour_1987_science_action_en,latour,centre_of_calculation,"centres of
calculation",1,742826,"centres of
calculation",0
latour_1987_science_action_en,latour,centre_of_calculation,centres of calculation,1,746448,centres of calculation,0
latour_1987_science_action_en,latour,centre_of_calculation,centres of calculation,1,764533,centres of calculation,0
latour_1987_science_action_en,latour,centre_of_calculation,centre of calculation,1,768034,centre of calculation,0
latour_1987_science_action_en,latour,centre_of_calculation,centres of calculation,1,776007,centres of calculation,0
latour_1987_science_action_en,latour,centre_of_calculation,centres of calculation,1,778001,centres of calculation,0
latour_1987_science_action_en,latour,centre_of_calculation,centres of calculation,1,819034,centres of calculation,0
latour_1987_science_action_en,latour,actor_network,actant,1,251026,actant,0
latour_1987_science_action_en,latour,actor_network,actants,1,252207,actants,0
latour_1987_science_action_en,latour,actor_network,actants,1,257775,actants,0
latour_1987_science_action_en,latour,actor_network,actants,1,265616,actants,0
latour_1987_science_action_en,latour,actor_network,actants,1,265751,actants,0
latour_1987_science_action_en,latour,actor_network,actants,1,265835,actants,0
latour_1987_science_action_en,latour,actor_network,actant,1,270229,actant,0
latour_1987_science_action_en,latour,actor_network,actants,1,271879,actants,0
latour_1987_science_action_en,latour,actor_network,actant,1,274893,actant,0
latour_1987_science_action_en,latour,actor_network,actant,1,275094,actant,0
latour_1987_science_action_en,latour,actor_network,actants,1,275209,actants,0
latour_1987_science_action_en,latour,actor_network,actant,1,276908,actant,0
latour_1987_science_action_en,latour,actor_network,actant,1,285345,actant,0
latour_1987_science_action_en,latour,actor_network,actants,1,299667,actants,0
latour_1987_science_action_en,latour,actor_network,actant,1,300071,actant,0
latour_1987_science_action_en,latour,actor_network,actants,1,377650,actants,0
latour_1987_science_action_en,latour,actor_network,actant,1,817850,actant,0
latour_1987_science_action_en,latour,translation,translation,1,2701,translation,0
latour_1987_science_action_en,latour,translation,translation,1,7469,translation,0
latour_1987_science_action_en,latour,translation,translation,1,323653,translation,0
latour_1987_science_action_en,latour,translation,translation,1,323678,translation,0
latour_1987_science_action_en,latour,translation,translation,1,323875,Translation,0
latour_1987_science_action_en,latour,translation,translation,1,328685,Translation,0
latour_1987_science_action_en,latour,translation,translation,1,328795,Translation,0
latour_1987_science_action_en,latour,translation,translation,1,328906,Translation,0
latour_1987_science_action_en,latour,translation,translation,1,329889,Translation,0
latour_1987_science_action_en,latour,translation,translation,1,332114,Translation,0
latour_1987_science_action_en,latour,translation,translation,1,332419,Translation,0
latour_1987_science_action_en,latour,translation,translation,1,333541,Translation,0
latour_1987_science_action_en,latour,translation,translation,1,335640,translation,1
latour_1987_science_action_en,latour,translation,translation,1,337261,translation,0
latour_1987_science_action_en,latour,translation,translation,1,339549,Translation,0
latour_1987_science_action_en,latour,translation,translation,1,348679,translation,0
latour_1987_science_action_en,latour,translation,translation,1,348934,translation,0
latour_1987_science_action_en,latour,translation,translation,1,349102,translation,0
latour_1987_science_action_en,latour,translation,translations,1,349223,translations,0
latour_1987_science_action_en,latour,translation,translation,1,349836,translation,0
latour_1987_science_action_en,latour,translation,translation,1,349908,Translation,0
latour_1987_science_action_en,latour,translation,translation,1,351223,Translation,0
latour_1987_science_action_en,latour,translation,translation,1,351396,translation,0
latour_1987_science_action_en,latour,translation,translation,1,352167,translation,0
latour_1987_science_action_en,latour,translation,translation,1,359496,Translation,0
latour_1987_science_action_en,latour,translation,translation,1,360050,translation,0
latour_1987_science_action_en,latour,translation,translation,1,360128,translation,0
latour_1987_science_action_en,latour,translation,translation,1,360187,translation,0
latour_1987_science_action_en,latour,translation,translations,1,361255,translations,0
latour_1987_science_action_en,latour,translation,translation,1,361296,translation,0
latour_1987_science_action_en,latour,translation,translation,1,361363,translation,0
latour_1987_science_action_en,latour,translation,translation,1,362330,translation,0
latour_1987_science_action_en,latour,translation,translates,1,362369,translates,0
latour_1987_science_action_en,latour,translation,translation,1,372914,translation,0
latour_1987_science_action_en,latour,translation,translations,1,378360,translations,0
latour_1987_science_action_en,latour,translation,translation,1,379998,translation,0
latour_1987_science_action_en,latour,translation,translations,1,381562,translations,0
latour_1987_science_action_en,latour,translation,translations,1,386215,translations,0
latour_1987_science_action_en,latour,translation,translations,1,386438,translations,0
latour_1987_science_action_en,latour,translation,translated,1,389503,translated,0
latour_1987_science_action_en,latour,translation,translation,1,389611,translation,0
latour_1987_science_action_en,latour,translation,translation,1,399006,translation,0
latour_1987_science_action_en,latour,translation,translations,1,400914,translations,0
latour_1987_science_action_en,latour,translation,translated,1,401723,translated,0
latour_1987_science_action_en,latour,translation,translations,1,413219,translations,0
latour_1987_science_action_en,latour,translation,translation,1,413754,translation,0
latour_1987_science_action_en,latour,translation,translations,1,414126,translations,0
latour_1987_science_action_en,latour,translation,translation,1,414555,translation,0
latour_1987_science_action_en,latour,translation,translation,1,415154,translation,0
latour_1987_science_action_en,latour,translation,translation,1,428400,translation,0
latour_1987_science_action_en,latour,translation,translations,1,429417,translations,0
latour_1987_science_action_en,latour,translation,translation,1,431131,Translation,0
latour_1987_science_action_en,latour,translation,translation,1,431165,Translation,0
latour_1987_science_action_en,latour,translation,translations,1,438887,translations,0
latour_1987_science_action_en,latour,translation,translation,1,447889,translation,1
latour_1987_science_action_en,latour,translation,translate,1,462551,translate,0
latour_1987_science_action_en,latour,translation,translation,1,476845,translation,1
latour_1987_science_action_en,latour,translation,translation,1,490555,translation,0
latour_1987_science_action_en,latour,translation,translation,1,496526,translation,0
latour_1987_science_action_en,latour,translation,translation,1,498360,translation,0
latour_1987_science_action_en,latour,translation,translations,1,504045,translations,0
latour_1987_science_action_en,latour,translation,translations,1,513940,translations,0
latour_1987_science_action_en,latour,translation,translations,1,707322,translations,0
latour_1987_science_action_en,latour,translation,translation,1,712054,translation,1
latour_1987_science_action_en,latour,translation,translation,1,713304,translation,1
latour_1987_science_action_en,latour,translation,translations,1,714816,translations,0
latour_1987_science_action_en,latour,translation,translation,1,718542,translation,0
latour_1987_science_action_en,latour,translation,translation,1,719233,translation,0
latour_1987_science_action_en,latour,translation,translations,1,720856,translations,0
latour_1987_science_action_en,latour,translation,translations,1,720910,translations,0
latour_1987_science_action_en,latour,translation,translates,1,724474,translates,0
latour_1987_science_action_en,latour,translation,translation,1,728457,translation,0
latour_1987_science_action_en,latour,translation,translated,1,739745,translated,0
latour_1987_science_action_en,latour,translation,translation,1,744478,translation,0
latour_1987_science_action_en,latour,translation,translate,1,748428,translate,0
latour_1987_science_action_en,latour,translation,translation,1,805891,translation,0
latour_1987_science_action_en,latour,translation,translated,1,808375,translated,0
latour_1987_science_action_en,latour,translation,translated,1,808931,translated,0
latour_1987_science_action_en,latour,translation,translated,1,812089,translated,0
latour_1987_science_action_en,latour,translation,translated,1,814950,translated,0
latour_1987_science_action_en,latour,translation,translated,1,816924,translated,0
latour_1987_science_action_en,latour,translation,translation,1,827157,translation,0
latour_1987_science_action_en,latour,translation,translation,1,827271,translation,0
latour_1987_science_action_en,latour,trial_of_strength,trials of strength,1,219893,Trials of strength,0
latour_1987_science_action_en,latour,trial_of_strength,trial of strength,1,233108,trial of strength,0
latour_1987_science_action_en,latour,trial_of_strength,trial of strength,1,233395,trial of strength,0
latour_1987_science_action_en,latour,trial_of_strength,trials of strength,1,233884,trials of strength,0
latour_1987_science_action_en,latour,trial_of_strength,"trials of
strength",1,234426,"trials of
strength",0
latour_1987_science_action_en,latour,trial_of_strength,trial of strength,1,235128,trial of strength,0
latour_1987_science_action_en,latour,trial_of_strength,trials of strength,1,235353,trials of strength,0
latour_1987_science_action_en,latour,trial_of_strength,trials of strength,1,236346,Trials of strength,0
latour_1987_science_action_en,latour,trial_of_strength,trials of strength,1,254417,trials of strength,0
latour_1987_science_action_en,latour,trial_of_strength,trials of strength,1,260551,trials of strength,0
latour_1987_science_action_en,latour,trial_of_strength,trials of strength,1,261717,trials of strength,0
latour_1987_science_action_en,latour,trial_of_strength,trials of strength,1,283633,Trials of strength,0
latour_1987_science_action_en,latour,trial_of_strength,trials of strength,1,283796,trials of strength,0
latour_1987_science_action_en,latour,trial_of_strength,trials of strength,1,460025,trials of strength,0
latour_1987_science_action_en,latour,trial_of_strength,trials of strength,1,462478,trials of strength,0
latour_1987_science_action_en,latour,trial_of_strength,trials of strength,1,473957,trials of strength,0
latour_1987_science_action_en,latour,trial_of_strength,trials of strength,1,519047,trials of strength,0
latour_1987_science_action_en,latour,trial_of_strength,trials of strength,1,600460,trials of strength,0
latour_1987_science_action_en,latour,trial_of_strength,trial of strength,1,657968,trial of strength,0
latour_1987_science_action_en,latour,trial_of_strength,trials of strength,1,827488,trials of strength,0
latour_1987_science_action_en,latour,articulation,articulated,1,212776,articulated,0
latour_1987_science_action_en,latour,articulation,articulated,1,435501,articulated,0
latour_1987_science_action_en,latour,articulation,articulate,1,569096,articulate,0
latour_1987_science_action_en,latour,articulation,articulate,1,584333,articulate,0
latour_1987_science_action_en,latour,construction,construction,1,47631,construction,0
latour_1987_science_action_en,latour,construction,construction,1,59316,construction,0
latour_1987_science_action_en,latour,construction,construction,1,61819,construction,0
latour_1987_science_action_en,latour,construction,construction,1,68415,construction,0
latour_1987_science_action_en,latour,construction,construction,1,69301,construction,0
latour_1987_science_action_en,latour,construction,construction,1,70621,construction,0
latour_1987_science_action_en,latour,construction,construction,1,82160,construction,0
latour_1987_science_action_en,latour,construction,construction,1,117620,construction,0
latour_1987_science_action_en,latour,construction,construction,1,186739,construction,0
latour_1987_science_action_en,latour,construction,construction,1,203160,construction,0
latour_1987_science_action_en,latour,construction,constructed,1,205410,constructed,0
latour_1987_science_action_en,latour,construction,constructed,1,231419,constructed,0
latour_1987_science_action_en,latour,construction,construction,1,246385,construction,0
latour_1987_science_action_en,latour,construction,construction,1,248478,construction,0
latour_1987_science_action_en,latour,construction,construction,1,264885,construction,0
latour_1987_science_action_en,latour,construction,construction,1,284805,construction,0
latour_1987_science_action_en,latour,construction,construction,1,294189,construction,0
latour_1987_science_action_en,latour,construction,construction,1,300764,construction,0
latour_1987_science_action_en,latour,construction,construction,1,305198,construction,0
latour_1987_science_action_en,latour,construction,construction,1,309432,construction,0
latour_1987_science_action_en,latour,construction,construction,1,321820,construction,0
latour_1987_science_action_en,latour,construction,construction,1,323263,construction,0
latour_1987_science_action_en,latour,construction,construction,1,328005,construction,0
latour_1987_science_action_en,latour,construction,construction,1,355586,construction,0
latour_1987_science_action_en,latour,construction,construction,1,360573,construction,0
latour_1987_science_action_en,latour,construction,construction,1,372951,construction,0
latour_1987_science_action_en,latour,construction,construction,1,401108,construction,0
latour_1987_science_action_en,latour,construction,social construction,1,429768,social construction,0
latour_1987_science_action_en,latour,construction,construction,1,439660,construction,0
latour_1987_science_action_en,latour,construction,construction,1,453213,construction,0
latour_1987_science_action_en,latour,construction,construction,1,492710,construction,0
latour_1987_science_action_en,latour,construction,construction,1,493923,construction,0
latour_1987_science_action_en,latour,construction,construction,1,499260,construction,0
latour_1987_science_action_en,latour,construction,construction,1,500112,construction,0
latour_1987_science_action_en,latour,construction,construction,1,506505,construction,0
latour_1987_science_action_en,latour,construction,construction,1,621517,construction,0
latour_1987_science_action_en,latour,construction,constructing,1,686746,Constructing,0
latour_1987_science_action_en,latour,construction,construction,1,688430,construction,0
latour_1987_science_action_en,latour,construction,constructed,1,689367,constructed,0
latour_1987_science_action_en,latour,construction,constructed,1,692505,constructed,0
latour_1987_science_action_en,latour,construction,construction,1,694243,construction,0
latour_1987_science_action_en,latour,construction,construction,1,694483,construction,0
latour_1987_science_action_en,latour,construction,construction,1,694673,construction,0
latour_1987_science_action_en,latour,construction,construction,1,710566,construction,0
latour_1987_science_action_en,latour,construction,construction,1,721422,construction,0
latour_1987_science_action_en,latour,construction,constructed,1,722382,constructed,0
latour_1987_science_action_en,latour,construction,construction,1,734685,construction,0
latour_1987_science_action_en,latour,construction,construction,1,768318,construction,0
latour_1987_science_action_en,latour,construction,construction,1,769416,construction,0
latour_1987_science_action_en,latour,construction,construction,1,800885,construction,0
latour_1987_science_action_en,latour,construction,construction,1,801802,construction,0
latour_1987_science_action_en,latour,construction,social construction,1,817162,Social Construction,0
latour_1987_science_action_en,latour,construction,construction,1,820652,construction,0
latour_1987_science_action_en,latour,proposition,proposition,1,160700,proposition,0
latour_1987_science_action_en,latour,proposition,propositions,1,307108,propositions,0
latour_1987_science_action_en,latour,proposition,propositions,1,556636,propositions,0
latour_1987_science_action_en,latour,proposition,proposition,1,556847,proposition,0
latour_1987_science_action_en,latour,proposition,proposition,1,631151,proposition,0
latour_1987_science_action_en,latour,network,networks,1,3165,Networks,0
latour_1987_science_action_en,latour,network,networks,1,7628,NETWORKS,0
latour_1987_science_action_en,latour,network,networks,1,14629,networks,0
latour_1987_science_action_en,latour,network,network,1,59678,network,0
latour_1987_science_action_en,latour,network,network,1,71976,network,0
latour_1987_science_action_en,latour,network,network,1,376647,network,0
latour_1987_science_action_en,latour,network,network,1,379925,network,0
latour_1987_science_action_en,latour,network,network,1,396375,network,0
latour_1987_science_action_en,latour,network,network,1,416527,network,0
latour_1987_science_action_en,latour,network,networks,1,489812,networks,0
latour_1987_science_action_en,latour,network,networks,1,532434,Networks,0
latour_1987_science_action_en,latour,network,network,1,535153,network,0
latour_1987_science_action_en,latour,network,network,1,535171,network,0
latour_1987_science_action_en,latour,network,network,1,535591,network,1
latour_1987_science_action_en,latour,network,network,1,535639,network,0
latour_1987_science_action_en,latour,network,network,1,535913,network,0
latour_1987_science_action_en,latour,network,networks,1,536007,networks,0
latour_1987_science_action_en,latour,network,networks,1,536951,networks,0
latour_1987_science_action_en,latour,network,networks,1,537019,networks,0
latour_1987_science_action_en,latour,network,networks,1,537164,networks,0
latour_1987_science_action_en,latour,network,networks,1,537268,networks,0
latour_1987_science_action_en,latour,network,networks,1,539051,networks,0
latour_1987_science_action_en,latour,network,networks,1,540079,networks,0
latour_1987_science_action_en,latour,network,network,1,540533,network,0
latour_1987_science_action_en,latour,network,networks,1,540709,networks,0
latour_1987_science_action_en,latour,network,network,1,540949,network,0
latour_1987_science_action_en,latour,network,networks,1,541130,networks,0
latour_1987_science_action_en,latour,network,network,1,542569,network,0
latour_1987_science_action_en,latour,network,networks,1,543041,networks,0
latour_1987_science_action_en,latour,network,network,1,543429,network,0
latour_1987_science_action_en,latour,network,networks,1,544266,networks,0
latour_1987_science_action_en,latour,network,networks,1,544975,networks,0
latour_1987_science_action_en,latour,network,networks,1,549626,networks,0
latour_1987_science_action_en,latour,network,networks,1,551886,networks,0
latour_1987_science_action_en,latour,network,network,1,552936,network,0
latour_1987_science_action_en,latour,network,network,1,553023,network,0
latour_1987_science_action_en,latour,network,network,1,565718,network,1
latour_1987_science_action_en,latour,network,network,1,576221,network,0
latour_1987_science_action_en,latour,network,network,1,585325,network,0
latour_1987_science_action_en,latour,network,networks,1,586097,networks,0
latour_1987_science_action_en,latour,network,network,1,586390,network,0
latour_1987_science_action_en,latour,network,networks,1,592264,networks,0
latour_1987_science_action_en,latour,network,networks,1,596900,networks,0
latour_1987_science_action_en,latour,network,networks,1,605246,networks,0
latour_1987_science_action_en,latour,network,networks,1,613195,networks,0
latour_1987_science_action_en,latour,network,networks,1,615677,networks,0
latour_1987_science_action_en,latour,network,network,1,618512,network,0
latour_1987_science_action_en,latour,network,networks,1,619880,networks,0
latour_1987_science_action_en,latour,network,networks,1,622895,networks,0
latour_1987_science_action_en,latour,network,networks,1,625809,networks,0
latour_1987_science_action_en,latour,network,networks,1,627864,networks,0
latour_1987_science_action_en,latour,network,networks,1,630353,networks,0
latour_1987_science_action_en,latour,network,network,1,630619,network,0
latour_1987_science_action_en,latour,network,networks,1,630736,networks,0
latour_1987_science_action_en,latour,network,networks,1,632491,networks,0
latour_1987_science_action_en,latour,network,networks,1,635033,networks,0
latour_1987_science_action_en,latour,network,network,1,641092,network,0
latour_1987_science_action_en,latour,network,networks,1,641608,networks,0
latour_1987_science_action_en,latour,network,network,1,652226,network,0
latour_1987_science_action_en,latour,network,network,1,682025,network,0
latour_1987_science_action_en,latour,network,networks,1,687801,networks,0
latour_1987_science_action_en,latour,network,network,1,688262,network,0
latour_1987_science_action_en,latour,network,network,1,688722,network,0
latour_1987_science_action_en,latour,network,networks,1,689205,networks,0
latour_1987_science_action_en,latour,network,networks,1,690460,networks,0
latour_1987_science_action_en,latour,network,networks,1,690631,networks,0
latour_1987_science_action_en,latour,network,network,1,694401,network,0
latour_1987_science_action_en,latour,network,network,1,694594,network,0
latour_1987_science_action_en,latour,network,networks,1,699386,networks,0
latour_1987_science_action_en,latour,network,networks,1,699493,networks,0
latour_1987_science_action_en,latour,network,networks,1,699679,networks,0
latour_1987_science_action_en,latour,network,networks,1,700031,networks,0
latour_1987_science_action_en,latour,network,networks,1,700253,networks,0
latour_1987_science_action_en,latour,network,networks,1,700543,networks,0
latour_1987_science_action_en,latour,network,networks,1,708153,networks,0
latour_1987_science_action_en,latour,network,network,1,708754,network,0
latour_1987_science_action_en,latour,network,network,1,720966,network,0
latour_1987_science_action_en,latour,network,networks,1,721498,networks,0
latour_1987_science_action_en,latour,network,network,1,722602,network,0
latour_1987_science_action_en,latour,network,network,1,725555,network,0
latour_1987_science_action_en,latour,network,network,1,725747,network,0
latour_1987_science_action_en,latour,network,networks,1,727471,networks,0
latour_1987_science_action_en,latour,network,networks,1,728824,networks,0
latour_1987_science_action_en,latour,network,networks,1,730450,networks,0
latour_1987_science_action_en,latour,network,network,1,730856,network,0
latour_1987_science_action_en,latour,network,networks,1,730964,networks,0
latour_1987_science_action_en,latour,network,networks,1,734070,networks,0
latour_1987_science_action_en,latour,network,network,1,740118,network,0
latour_1987_science_action_en,latour,network,network,1,740492,network,0
latour_1987_science_action_en,latour,network,networks,1,741009,networks,0
latour_1987_science_action_en,latour,network,network,1,743590,network,0
latour_1987_science_action_en,latour,network,networks,1,745589,networks,0
latour_1987_science_action_en,latour,network,networks,1,747025,networks,0
latour_1987_science_action_en,latour,network,networks,1,749221,networks,0
latour_1987_science_action_en,latour,network,network,1,750786,network,0
latour_1987_science_action_en,latour,network,networks,1,751368,networks,0
latour_1987_science_action_en,latour,network,network,1,753496,network,0
latour_1987_science_action_en,latour,network,network,1,753951,network,0
latour_1987_science_action_en,latour,network,network,1,754036,network,0
latour_1987_science_action_en,latour,network,network,1,754638,network,0
latour_1987_science_action_en,latour,network,networks,1,756570,networks,0
latour_1987_science_action_en,latour,network,networks,1,756725,networks,0
latour_1987_science_action_en,latour,network,networks,1,758302,networks,0
latour_1987_science_action_en,latour,network,networks,1,759499,networks,0
latour_1987_science_action_en,latour,network,networks,1,760679,networks,0
latour_1987_science_action_en,latour,network,network,1,762398,network,0
latour_1987_science_action_en,latour,network,network,1,766978,network,0
latour_1987_science_action_en,latour,network,networks,1,771647,networks,0
latour_1987_science_action_en,latour,network,networks,1,772773,networks,0
latour_1987_science_action_en,latour,network,networks,1,776088,networks,0
latour_1987_science_action_en,latour,network,networks,1,778203,networks,0
latour_1987_science_action_en,latour,network,networks,1,779913,networks,0
latour_1987_science_action_en,latour,network,networks,1,781140,networks,0
latour_1987_science_action_en,latour,network,networks,1,781530,networks,0
latour_1987_science_action_en,latour,network,network,1,782006,network,0
latour_1987_science_action_en,latour,network,networks,1,782437,networks,0
latour_1987_science_action_en,latour,network,networks,1,782845,networks,0
latour_1987_science_action_en,latour,network,networks,1,783020,networks,0
latour_1987_science_action_en,latour,network,networks,1,783162,networks,0
latour_1987_science_action_en,latour,network,network,1,784916,network,0
latour_1987_science_action_en,latour,network,networks,1,785204,networks,0
latour_1987_science_action_en,latour,network,network,1,786248,network,0
latour_1987_science_action_en,latour,network,networks,1,786371,networks,0
latour_1987_science_action_en,latour,network,networks,1,786656,networks,0
latour_1987_science_action_en,latour,network,networks,1,799796,networks,0
latour_1987_science_action_en,latour,network,networks,1,810830,Networks,0
latour_1987_science_action_en,latour,network,network,1,823359,network,0
latour_1987_science_action_en,latour,network,network,1,824919,network,0
latour_1987_science_action_en,latour,network,networks,1,827548,networks,0
latour_1987_science_action_en,latour,enrollment,enrolled,1,273413,enrolled,0
latour_1987_science_action_en,latour,enrollment,enrol,1,323218,enrol,0
latour_1987_science_action_en,latour,enrollment,enrolled,1,323452,enrolled,0
latour_1987_science_action_en,latour,enrollment,enrol,1,323783,enrol,0
latour_1987_science_action_en,latour,enrollment,enrol,1,327984,enrol,0
latour_1987_science_action_en,latour,enrollment,enrolled,1,328048,enrolled,0
latour_1987_science_action_en,latour,enrollment,enrolled,1,330568,enrolled,0
latour_1987_science_action_en,latour,enrollment,enrolled,1,336324,enrolled,0
latour_1987_science_action_en,latour,enrollment,enrol,1,339793,enrol,0
latour_1987_science_action_en,latour,enrollment,enrol,1,341155,enrol,0
latour_1987_science_action_en,latour,enrollment,enrolled,1,348331,enrolled,0
latour_1987_science_action_en,latour,enrollment,enrolled,1,350447,enrolled,0
latour_1987_science_action_en,latour,enrollment,enrolled,1,350540,enrolled,0
latour_1987_science_action_en,latour,enrollment,enrolled,1,350987,enrolled,0
latour_1987_science_action_en,latour,enrollment,enrolled,1,353351,enrolled,0
latour_1987_science_action_en,latour,enrollment,enrolment,1,353729,enrolment,0
latour_1987_science_action_en,latour,enrollment,enrolment,1,353900,enrolment,0
latour_1987_science_action_en,latour,enrollment,enrolment,1,357068,enrolment,0
latour_1987_science_action_en,latour,enrollment,enrol,1,363084,enrol,0
latour_1987_science_action_en,latour,enrollment,enrolled,1,372564,enrolled,0
latour_1987_science_action_en,latour,enrollment,enrol,1,383233,enrol,0
latour_1987_science_action_en,latour,enrollment,enrolled,1,387642,enrolled,0
latour_1987_science_action_en,latour,enrollment,enrolled,1,395612,enrolled,0
latour_1987_science_action_en,latour,enrollment,enrolled,1,418848,enrolled,0
latour_1987_science_action_en,latour,enrollment,enrol,1,420723,enrol,0
latour_1987_science_action_en,latour,enrollment,enrolment,1,420790,enrolment,0
latour_1987_science_action_en,latour,enrollment,enrol,1,436781,enrol,0
latour_1987_science_action_en,latour,enrollment,enrolment,1,437062,enrolment,0
latour_1987_science_action_en,latour,enrollment,enrol,1,439417,enrol,0
latour_1987_science_action_en,latour,enrollment,enrolled,1,490253,enrolled,0
latour_1987_science_action_en,latour,enrollment,enrol,1,500390,enrol,0
latour_1987_science_action_en,latour,enrollment,enrol,1,503023,enrol,0
latour_1987_science_action_en,latour,enrollment,enrol,1,505731,enrol,0
latour_1987_science_action_en,latour,enrollment,enrolled,1,505757,enrolled,0
latour_1987_science_action_en,latour,enrollment,enrol,1,507376,enrol,0
latour_1987_science_action_en,latour,enrollment,enrolled,1,532282,enrolled,0
latour_1987_science_action_en,latour,enrollment,enrolled,1,533791,enrolled,0
latour_1987_science_action_en,latour,enrollment,enrol,1,536268,enrol,0
latour_1987_science_action_en,latour,enrollment,enrol,1,621456,enrol,0
latour_1987_science_action_en,latour,enrollment,enrolled,1,775423,enrolled,0
latour_1987_science_action_en,latour,enrollment,enrol,1,784314,enrol,0
latour_1987_science_action_en,latour,enrollment,enrolled,1,785585,enrolled,0
latour_1987_science_action_en,latour,enrollment,enrolment,1,805747,enrolment,0
latour_1987_science_action_en,latour,enrollment,enrolment,1,805769,enrolment,0
latour_1987_science_action_en,latour,spokesperson,spokesmen,1,206788,Spokesmen,0
latour_1987_science_action_en,latour,spokesperson,spokesman,1,211854,spokesman,0
latour_1987_science_action_en,latour,spokesperson,spokeswoman,1,211868,spokeswoman,0
latour_1987_science_action_en,latour,spokesperson,spokesperson,1,211884,spokesperson,0
latour_1987_science_action_en,latour,spokesperson,spokesperson,1,212028,spokesperson,0
latour_1987_science_action_en,latour,spokesperson,spokesman,1,212136,spokesman,0
latour_1987_science_action_en,latour,spokesperson,spokesperson,1,213503,spokesperson,0
latour_1987_science_action_en,latour,spokesperson,spokesperson,1,213961,spokesperson,0
latour_1987_science_action_en,latour,spokesperson,spokesperson,1,214101,spokesperson,0
latour_1987_science_action_en,latour,spokesperson,spokesperson,1,214447,spokesperson,0
latour_1987_science_action_en,latour,spokesperson,spokesperson,1,214826,spokesperson,0
latour_1987_science_action_en,latour,spokesperson,spokesperson,1,215007,spokesperson,0
latour_1987_science_action_en,latour,spokesperson,spokespersons,1,215364,spokespersons,0
latour_1987_science_action_en,latour,spokesperson,spokesperson,1,217380,spokesperson,0
latour_1987_science_action_en,latour,spokesperson,spokesman,1,217575,spokesman,0
latour_1987_science_action_en,latour,spokesperson,spokesmen,1,221256,spokesmen,0
latour_1987_science_action_en,latour,spokesperson,spokespersons,1,233146,spokespersons,0
latour_1987_science_action_en,latour,spokesperson,spokesperson,1,233562,spokesperson,0
latour_1987_science_action_en,latour,spokesperson,spokesperson,1,233766,spokesperson,0
latour_1987_science_action_en,latour,spokesperson,spokespersons,1,233904,spokespersons,0
latour_1987_science_action_en,latour,spokesperson,spokesperson,1,234500,spokesperson,0
latour_1987_science_action_en,latour,spokesperson,spokesmen,1,237962,spokesmen,0
latour_1987_science_action_en,latour,spokesperson,spokesperson,1,250529,spokesperson,0
latour_1987_science_action_en,latour,spokesperson,spokesman,1,250826,spokesman,0
latour_1987_science_action_en,latour,spokesperson,spokesmen,1,250941,spokesmen,0
latour_1987_science_action_en,latour,spokesperson,spokesmen,1,252236,spokesmen,0
latour_1987_science_action_en,latour,spokesperson,spokesman,1,252764,spokesman,0
latour_1987_science_action_en,latour,spokesperson,spokesperson,1,253096,spokesperson,0
latour_1987_science_action_en,latour,spokesperson,spokesman,1,253770,spokesman,0
latour_1987_science_action_en,latour,spokesperson,spokesperson,1,265595,spokesperson,0
latour_1987_science_action_en,latour,spokesperson,spokesperson,1,270266,spokesperson,0
latour_1987_science_action_en,latour,spokesperson,spokesmen,1,283306,spokesmen,0
latour_1987_science_action_en,latour,spokesperson,spokesmen,1,304306,spokesmen,0
latour_1987_science_action_en,latour,spokesperson,spokesperson,1,375128,spokesperson,0
latour_1987_science_action_en,latour,spokesperson,spokespersons,1,383902,spokespersons,0
latour_1987_science_action_en,latour,spokesperson,spokespersons,1,439778,spokespersons,0
latour_1987_science_action_en,latour,spokesperson,spokespersons,1,607693,spokespersons,0
latour_1987_science_action_en,latour,spokesperson,spokesmen,1,610778,spokesmen,0
latour_1987_science_action_en,latour,spokesperson,spokespersons,1,614250,spokespersons,0
latour_1987_science_action_en,latour,spokesperson,spokespersons,1,615369,spokespersons,0
latour_1987_science_action_en,latour,spokesperson,spokespersons,1,619233,spokespersons,0
latour_1987_science_action_en,latour,spokesperson,spokespersons,1,701169,spokespersons,0
latour_1987_science_action_en,latour,spokesperson,spokespersons,1,717273,spokespersons,0
latour_1987_science_action_en,latour,spokesperson,spokespersons,1,780445,spokespersons,0
latour_1987_science_action_en,latour,spokesperson,spokesman,1,826095,spokesman,0
latour_1987_science_action_en,latour,spokesperson,spokesperson,1,826116,spokesperson,0
latour_1987_science_action_en,latour,militar,allies,1,3030,Allies,0
latour_1987_science_action_en,latour,militar,allies,1,7576,allies,0
latour_1987_science_action_en,latour,militar,ally,1,41904,ally,0
latour_1987_science_action_en,latour,militar,ally,1,41950,ally,0
latour_1987_science_action_en,latour,militar,allies,1,44335,allies,0
latour_1987_science_action_en,latour,militar,recruit,1,44452,recruit,0
latour_1987_science_action_en,latour,militar,recruit,1,48097,recruit,0
latour_1987_science_action_en,latour,militar,defending,1,49805,Defending,0
latour_1987_science_action_en,latour,militar,defend,1,50272,defend,0
latour_1987_science_action_en,latour,militar,weapon,1,57876,weapon,0
latour_1987_science_action_en,latour,militar,recruit,1,66671,recruit,0
latour_1987_science_action_en,latour,militar,recruited,1,68825,recruited,0
latour_1987_science_action_en,latour,militar,recruited,1,68994,recruited,0
latour_1987_science_action_en,latour,militar,attacked,1,72255,attacked,0
latour_1987_science_action_en,latour,militar,weapons,1,72282,weapons,0
latour_1987_science_action_en,latour,militar,recruiting,1,78544,recruiting,0
latour_1987_science_action_en,latour,militar,ally,1,80654,ally,0
latour_1987_science_action_en,latour,militar,allies,1,87794,allies,0
latour_1987_science_action_en,latour,militar,allies,1,88149,allies,0
latour_1987_science_action_en,latour,militar,defence,1,88864,defence,0
latour_1987_science_action_en,latour,militar,allies,1,91862,allies,0
latour_1987_science_action_en,latour,militar,attacking,1,92854,attacking,0
latour_1987_science_action_en,latour,militar,attacking,1,93019,attacking,0
latour_1987_science_action_en,latour,militar,allies,1,96610,allies,0
latour_1987_science_action_en,latour,militar,allies,1,98011,allies,0
latour_1987_science_action_en,latour,militar,mobilised,1,101380,mobilised,0
latour_1987_science_action_en,latour,militar,attack,1,101671,attack,0
latour_1987_science_action_en,latour,militar,enemies,1,106018,enemies,0
latour_1987_science_action_en,latour,militar,allies,1,106102,allies,0
latour_1987_science_action_en,latour,militar,attacked,1,106121,attacked,0
latour_1987_science_action_en,latour,militar,enemies,1,106240,enemies,0
latour_1987_science_action_en,latour,militar,ally,1,111860,ally,0
latour_1987_science_action_en,latour,militar,soldiers,1,116997,soldiers,0
latour_1987_science_action_en,latour,militar,fortify,1,125375,fortify,0
latour_1987_science_action_en,latour,militar,allies,1,125442,allies,0
latour_1987_science_action_en,latour,militar,allies,1,125464,allies,0
latour_1987_science_action_en,latour,militar,battlefield,1,127985,battlefield,0
latour_1987_science_action_en,latour,militar,allies,1,129046,allies,0
latour_1987_science_action_en,latour,militar,allies,1,129500,allies,0
latour_1987_science_action_en,latour,militar,fortify,1,129684,fortify,0
latour_1987_science_action_en,latour,militar,mobilisation,1,129817,mobilisation,0
latour_1987_science_action_en,latour,militar,mobilised,1,130068,mobilised,0
latour_1987_science_action_en,latour,militar,fortress,1,134191,fortress,0
latour_1987_science_action_en,latour,militar,defence,1,140164,defence,0
latour_1987_science_action_en,latour,militar,defensive,1,141661,defensive,0
latour_1987_science_action_en,latour,militar,allies,1,143164,allies,0
latour_1987_science_action_en,latour,militar,alliances,1,143866,alliances,0
latour_1987_science_action_en,latour,militar,allies,1,144280,allies,0
latour_1987_science_action_en,latour,militar,war,1,145556,war,0
latour_1987_science_action_en,latour,militar,defend,1,151253,defend,0
latour_1987_science_action_en,latour,militar,battlefield,1,154096,battlefield,0
latour_1987_science_action_en,latour,militar,mobilised,1,156391,mobilised,0
latour_1987_science_action_en,latour,militar,attack,1,159192,attack,0
latour_1987_science_action_en,latour,militar,victory,1,163356,victory,0
latour_1987_science_action_en,latour,militar,mobilising,1,165225,mobilising,0
latour_1987_science_action_en,latour,militar,troops,1,165293,troops,0
latour_1987_science_action_en,latour,militar,besieged,1,165790,besieged,0
latour_1987_science_action_en,latour,militar,allies,1,165811,allies,0
latour_1987_science_action_en,latour,militar,defeated,1,166988,defeated,0
latour_1987_science_action_en,latour,militar,ally,1,173514,ally,0
latour_1987_science_action_en,latour,militar,mobilised,1,178612,mobilised,0
latour_1987_science_action_en,latour,militar,attack,1,179897,attack,0
latour_1987_science_action_en,latour,militar,defence,1,179908,defence,0
latour_1987_science_action_en,latour,militar,mobilised,1,180612,mobilised,0
latour_1987_science_action_en,latour,militar,allies,1,180631,allies,0
latour_1987_science_action_en,latour,militar,allies,1,180968,allies,0
latour_1987_science_action_en,latour,militar,allies,1,181147,allies,0
latour_1987_science_action_en,latour,militar,mobilise,1,181620,mobilise,0
latour_1987_science_action_en,latour,militar,allies,1,181749,allies,0
latour_1987_science_action_en,latour,militar,mobilisation,1,182043,mobilisation,0
latour_1987_science_action_en,latour,militar,battle,1,182874,battle,0
latour_1987_science_action_en,latour,militar,besieged,1,184428,besieged,0
latour_1987_science_action_en,latour,militar,allies,1,184455,allies,0
latour_1987_science_action_en,latour,militar,allies,1,184685,allies,0
latour_1987_science_action_en,latour,militar,mobilised,1,196003,mobilised,0
latour_1987_science_action_en,latour,militar,wars,1,200936,Wars,0
latour_1987_science_action_en,latour,militar,mobilised,1,204068,mobilised,0
latour_1987_science_action_en,latour,militar,mobilised,1,204117,mobilised,0
latour_1987_science_action_en,latour,militar,mobilised,1,204424,mobilised,0
latour_1987_science_action_en,latour,militar,mobilise,1,219617,mobilise,0
latour_1987_science_action_en,latour,militar,mobilised,1,224820,mobilised,0
latour_1987_science_action_en,latour,militar,allies,1,232393,allies,0
latour_1987_science_action_en,latour,militar,defeating,1,233490,defeating,0
latour_1987_science_action_en,latour,militar,allies,1,236613,allies,0
latour_1987_science_action_en,latour,militar,mobilisation,1,248276,mobilisation,0
latour_1987_science_action_en,latour,militar,recruiting,1,248612,recruiting,0
latour_1987_science_action_en,latour,militar,allies,1,248637,allies,0
latour_1987_science_action_en,latour,militar,mobilised,1,249060,mobilised,0
latour_1987_science_action_en,latour,militar,allies,1,249563,allies,0
latour_1987_science_action_en,latour,militar,ally,1,251091,ally,0
latour_1987_science_action_en,latour,militar,allies,1,253073,allies,0
latour_1987_science_action_en,latour,militar,mobilised,1,253140,mobilised,0
latour_1987_science_action_en,latour,militar,attacked,1,253520,attacked,0
latour_1987_science_action_en,latour,militar,allies,1,254213,allies,0
latour_1987_science_action_en,latour,militar,mobilise,1,255515,mobilise,0
latour_1987_science_action_en,latour,militar,allies,1,256930,allies,0
latour_1987_science_action_en,latour,militar,allies,1,257457,allies,0
latour_1987_science_action_en,latour,militar,allies,1,258216,allies,0
latour_1987_science_action_en,latour,militar,alliances,1,258603,alliances,0
latour_1987_science_action_en,latour,militar,victory,1,259249,victory,0
latour_1987_science_action_en,latour,militar,attacked,1,260277,attacked,0
latour_1987_science_action_en,latour,militar,ally,1,261145,ally,0
latour_1987_science_action_en,latour,militar,mobilised,1,261590,mobilised,0
latour_1987_science_action_en,latour,militar,attack,1,266069,attack,0
latour_1987_science_action_en,latour,militar,attacked,1,266355,attacked,0
latour_1987_science_action_en,latour,militar,attack,1,267042,attack,0
latour_1987_science_action_en,latour,militar,victories,1,268862,victories,0
latour_1987_science_action_en,latour,militar,defeated,1,268876,defeated,0
latour_1987_science_action_en,latour,militar,defeated,1,268943,defeated,0
latour_1987_science_action_en,latour,militar,defeat,1,269631,defeat,0
latour_1987_science_action_en,latour,militar,allies,1,273380,allies,0
latour_1987_science_action_en,latour,militar,mobilise,1,274875,mobilise,0
latour_1987_science_action_en,latour,militar,mobilise,1,275224,mobilise,0
latour_1987_science_action_en,latour,militar,mobilised,1,279977,mobilised,0
latour_1987_science_action_en,latour,militar,mobilised,1,283883,mobilised,0
latour_1987_science_action_en,latour,militar,ally,1,284125,ally,0
latour_1987_science_action_en,latour,militar,ally,1,284172,ally,0
latour_1987_science_action_en,latour,militar,ally,1,284663,ally,0
latour_1987_science_action_en,latour,militar,ally,1,285205,ally,0
latour_1987_science_action_en,latour,militar,ally,1,285323,ally,0
latour_1987_science_action_en,latour,militar,defeated,1,286380,defeated,0
latour_1987_science_action_en,latour,militar,allies,1,287011,allies,0
latour_1987_science_action_en,latour,militar,wars,1,292408,wars,0
latour_1987_science_action_en,latour,militar,enemies,1,292439,enemies,0
latour_1987_science_action_en,latour,militar,mobilise,1,293225,mobilise,0
latour_1987_science_action_en,latour,militar,mobilisation,1,293935,mobilisation,0
latour_1987_science_action_en,latour,militar,ally,1,294029,ally,0
latour_1987_science_action_en,latour,militar,recruit,1,294360,recruit,0
latour_1987_science_action_en,latour,militar,allies,1,294378,allies,0
latour_1987_science_action_en,latour,militar,defeat,1,294457,defeat,0
latour_1987_science_action_en,latour,militar,soldiers,1,294593,soldiers,0
latour_1987_science_action_en,latour,militar,allies,1,295217,allies,0
latour_1987_science_action_en,latour,militar,attack,1,298137,attack,0
latour_1987_science_action_en,latour,militar,allies,1,298311,allies,0
latour_1987_science_action_en,latour,militar,allies,1,298395,allies,0
latour_1987_science_action_en,latour,militar,battle,1,303250,battle,0
latour_1987_science_action_en,latour,militar,allies,1,306721,allies,0
latour_1987_science_action_en,latour,militar,allies,1,310347,allies,0
latour_1987_science_action_en,latour,militar,attack,1,327632,attack,0
latour_1987_science_action_en,latour,militar,mobilised,1,332196,mobilised,0
latour_1987_science_action_en,latour,militar,weapon,1,342030,weapon,0
latour_1987_science_action_en,latour,militar,weapon,1,342102,weapon,0
latour_1987_science_action_en,latour,militar,soldiers,1,342209,soldiers,0
latour_1987_science_action_en,latour,militar,war,1,342229,war,0
latour_1987_science_action_en,latour,militar,weapon,1,342354,weapon,0
latour_1987_science_action_en,latour,militar,weapons,1,342423,weapons,0
latour_1987_science_action_en,latour,militar,war,1,342668,war,0
latour_1987_science_action_en,latour,militar,weapons,1,342723,weapons,0
latour_1987_science_action_en,latour,militar,war,1,342759,war,0
latour_1987_science_action_en,latour,militar,war,1,342766,war,0
latour_1987_science_action_en,latour,militar,war,1,342872,war,0
latour_1987_science_action_en,latour,militar,war,1,343072,war,0
latour_1987_science_action_en,latour,militar,war,1,343548,war,0
latour_1987_science_action_en,latour,militar,war,1,345424,war,0
latour_1987_science_action_en,latour,militar,enemy,1,347520,enemy,0
latour_1987_science_action_en,latour,militar,allied,1,347619,allied,0
latour_1987_science_action_en,latour,militar,war,1,349716,war,0
latour_1987_science_action_en,latour,militar,soldiers,1,349784,soldiers,0
latour_1987_science_action_en,latour,militar,soldiers,1,351657,soldiers,0
latour_1987_science_action_en,latour,militar,soldiers,1,351705,soldiers,0
latour_1987_science_action_en,latour,militar,mobilisation,1,352722,mobilisation,0
latour_1987_science_action_en,latour,militar,recruiting,1,355378,recruiting,0
latour_1987_science_action_en,latour,militar,allies,1,355392,allies,0
latour_1987_science_action_en,latour,militar,recruited,1,355857,recruited,0
latour_1987_science_action_en,latour,militar,recruitment,1,356391,recruitment,0
latour_1987_science_action_en,latour,militar,allies,1,356406,allies,0
latour_1987_science_action_en,latour,militar,recruited,1,356840,recruited,0
latour_1987_science_action_en,latour,militar,battle,1,357607,battle,0
latour_1987_science_action_en,latour,militar,battle,1,357641,battle,0
latour_1987_science_action_en,latour,militar,battle,1,357895,battle,0
latour_1987_science_action_en,latour,militar,soldiers,1,357907,soldiers,0
latour_1987_science_action_en,latour,militar,victory,1,358067,victory,0
latour_1987_science_action_en,latour,militar,defeat,1,358121,defeat,0
latour_1987_science_action_en,latour,militar,battle,1,358218,battle,0
latour_1987_science_action_en,latour,militar,allies,1,362834,allies,0
latour_1987_science_action_en,latour,militar,ally,1,368892,ally,0
latour_1987_science_action_en,latour,militar,alliances,1,369496,alliances,0
latour_1987_science_action_en,latour,militar,alliances,1,369793,alliances,0
latour_1987_science_action_en,latour,militar,alliances,1,370672,alliances,0
latour_1987_science_action_en,latour,militar,ally,1,370774,ally,0
latour_1987_science_action_en,latour,militar,mobilised,1,373183,mobilised,0
latour_1987_science_action_en,latour,militar,ally,1,373517,ally,0
latour_1987_science_action_en,latour,militar,allies,1,373948,allies,0
latour_1987_science_action_en,latour,militar,allies,1,374042,allies,0
latour_1987_science_action_en,latour,militar,mobilised,1,374136,mobilised,0
latour_1987_science_action_en,latour,militar,alliances,1,374969,alliances,0
latour_1987_science_action_en,latour,militar,alliances,1,375194,alliances,0
latour_1987_science_action_en,latour,militar,ally,1,375283,ally,0
latour_1987_science_action_en,latour,militar,recruited,1,375326,recruited,0
latour_1987_science_action_en,latour,militar,alliance,1,375374,alliance,0
latour_1987_science_action_en,latour,militar,alliance,1,377100,alliance,0
latour_1987_science_action_en,latour,militar,alliances,1,377357,alliances,0
latour_1987_science_action_en,latour,militar,recruited,1,379004,recruited,0
latour_1987_science_action_en,latour,militar,alliance,1,380723,alliance,0
latour_1987_science_action_en,latour,militar,alliances,1,380915,alliances,0
latour_1987_science_action_en,latour,militar,alliances,1,381087,alliances,0
latour_1987_science_action_en,latour,militar,allies,1,382078,allies,0
latour_1987_science_action_en,latour,militar,alliances,1,382269,alliances,0
latour_1987_science_action_en,latour,militar,allies,1,382726,allies,0
latour_1987_science_action_en,latour,militar,allies,1,383148,allies,0
latour_1987_science_action_en,latour,militar,mobilised,1,383887,mobilised,0
latour_1987_science_action_en,latour,militar,battlefield,1,384230,battlefield,0
latour_1987_science_action_en,latour,militar,battle,1,384297,battle,0
latour_1987_science_action_en,latour,militar,allies,1,384530,allies,0
latour_1987_science_action_en,latour,militar,recruited,1,385896,recruited,0
latour_1987_science_action_en,latour,militar,allies,1,387037,allies,0
latour_1987_science_action_en,latour,militar,alliances,1,387717,alliances,0
latour_1987_science_action_en,latour,militar,alliances,1,387836,alliances,0
latour_1987_science_action_en,latour,militar,allies,1,387986,allies,0
latour_1987_science_action_en,latour,militar,allies,1,388281,allies,0
latour_1987_science_action_en,latour,militar,alliances,1,389887,alliances,0
latour_1987_science_action_en,latour,militar,alliances,1,390163,alliances,0
latour_1987_science_action_en,latour,militar,ally,1,390653,ally,0
latour_1987_science_action_en,latour,militar,alliances,1,391774,alliances,0
latour_1987_science_action_en,latour,militar,recruiting,1,391976,recruiting,0
latour_1987_science_action_en,latour,militar,allies,1,392003,allies,0
latour_1987_science_action_en,latour,militar,allies,1,392194,allies,0
latour_1987_science_action_en,latour,militar,allies,1,395154,allies,0
latour_1987_science_action_en,latour,militar,allies,1,396622,allies,0
latour_1987_science_action_en,latour,militar,ally,1,397158,ally,0
latour_1987_science_action_en,latour,militar,allies,1,398238,allies,0
latour_1987_science_action_en,latour,militar,allies,1,398459,allies,0
latour_1987_science_action_en,latour,militar,recruited,1,398470,recruited,0
latour_1987_science_action_en,latour,militar,alliances,1,398942,alliances,0
latour_1987_science_action_en,latour,militar,allies,1,401477,allies,0
latour_1987_science_action_en,latour,militar,allies,1,401586,allies,0
latour_1987_science_action_en,latour,militar,allies,1,404060,allies,0
latour_1987_science_action_en,latour,militar,mobilised,1,408377,mobilised,0
latour_1987_science_action_en,latour,militar,alliances,1,420629,alliances,0
latour_1987_science_action_en,latour,militar,alliances,1,423091,alliances,0
latour_1987_science_action_en,latour,militar,allies,1,423680,allies,0
latour_1987_science_action_en,latour,militar,alliances,1,423936,alliances,0
latour_1987_science_action_en,latour,militar,alliances,1,424357,alliances,0
latour_1987_science_action_en,latour,militar,recruiting,1,433117,recruiting,0
latour_1987_science_action_en,latour,militar,allies,1,433132,allies,0
latour_1987_science_action_en,latour,militar,alliance,1,434078,alliance,0
latour_1987_science_action_en,latour,militar,alliance,1,434196,alliance,0
latour_1987_science_action_en,latour,militar,alliances,1,434389,alliances,0
latour_1987_science_action_en,latour,militar,allies,1,435179,allies,0
latour_1987_science_action_en,latour,militar,defence,1,442958,defence,0
latour_1987_science_action_en,latour,militar,allies,1,444000,allies,0
latour_1987_science_action_en,latour,militar,defeat,1,444586,defeat,0
latour_1987_science_action_en,latour,militar,battles,1,453124,battles,0
latour_1987_science_action_en,latour,militar,alliance,1,455617,alliance,0
latour_1987_science_action_en,latour,militar,recruitment,1,461371,recruitment,0
latour_1987_science_action_en,latour,militar,recruited,1,462366,recruited,0
latour_1987_science_action_en,latour,militar,attacks,1,465241,attacks,0
latour_1987_science_action_en,latour,militar,recruit,1,474248,recruit,0
latour_1987_science_action_en,latour,militar,recruiting,1,474946,recruiting,0
latour_1987_science_action_en,latour,militar,recruitment,1,476056,recruitment,0
latour_1987_science_action_en,latour,militar,recruit,1,479136,recruit,0
latour_1987_science_action_en,latour,militar,recruitment,1,479383,recruitment,0
latour_1987_science_action_en,latour,militar,recruitment,1,482968,recruitment,0
latour_1987_science_action_en,latour,militar,recruitment,1,483028,recruitment,0
latour_1987_science_action_en,latour,militar,allies,1,483047,allies,0
latour_1987_science_action_en,latour,militar,recruit,1,486574,recruit,0
latour_1987_science_action_en,latour,militar,recruits,1,486690,recruits,0
latour_1987_science_action_en,latour,militar,recruiting,1,487131,recruiting,0
latour_1987_science_action_en,latour,militar,allies,1,488102,allies,0
latour_1987_science_action_en,latour,militar,mobilisation,1,488379,mobilisation,0
latour_1987_science_action_en,latour,militar,recruit,1,491919,recruit,0
latour_1987_science_action_en,latour,militar,allies,1,492413,Allies,0
latour_1987_science_action_en,latour,militar,recruited,1,492810,recruited,0
latour_1987_science_action_en,latour,militar,recruiting,1,492837,recruiting,0
latour_1987_science_action_en,latour,militar,allies,1,499788,allies,0
latour_1987_science_action_en,latour,militar,allies,1,505633,allies,0
latour_1987_science_action_en,latour,militar,recruit,1,508556,recruit,0
latour_1987_science_action_en,latour,militar,allies,1,510995,allies,0
latour_1987_science_action_en,latour,militar,allies,1,511042,allies,0
latour_1987_science_action_en,latour,militar,recruitment,1,511135,recruitment,0
latour_1987_science_action_en,latour,militar,allies,1,511154,allies,0
latour_1987_science_action_en,latour,militar,allies,1,513651,allies,0
latour_1987_science_action_en,latour,militar,defence,1,515610,Defence,0
latour_1987_science_action_en,latour,militar,defence,1,516969,Defence,0
latour_1987_science_action_en,latour,militar,soldier,1,518243,soldier,0
latour_1987_science_action_en,latour,militar,weapons,1,518391,weapons,0
latour_1987_science_action_en,latour,militar,allies,1,518504,allies,0
latour_1987_science_action_en,latour,militar,weapons,1,518652,weapons,0
latour_1987_science_action_en,latour,militar,ally,1,519165,ally,0
latour_1987_science_action_en,latour,militar,war,1,519389,war,0
latour_1987_science_action_en,latour,militar,war,1,519451,war,0
latour_1987_science_action_en,latour,militar,weapon,1,519517,weapon,0
latour_1987_science_action_en,latour,militar,mobilisation,1,519599,mobilisation,0
latour_1987_science_action_en,latour,militar,allies,1,519700,allies,0
latour_1987_science_action_en,latour,militar,weapons,1,519761,weapons,0
latour_1987_science_action_en,latour,militar,mobilisation,1,519957,mobilisation,0
latour_1987_science_action_en,latour,militar,defence,1,520474,defence,0
latour_1987_science_action_en,latour,militar,recruiting,1,520765,recruiting,0
latour_1987_science_action_en,latour,militar,mobilising,1,521697,mobilising,0
latour_1987_science_action_en,latour,militar,defend,1,522795,defend,0
latour_1987_science_action_en,latour,militar,allies,1,525018,allies,0
latour_1987_science_action_en,latour,militar,defence,1,525325,defence,0
latour_1987_science_action_en,latour,militar,recruitment,1,526187,recruitment,0
latour_1987_science_action_en,latour,militar,recruitment,1,526611,recruitment,0
latour_1987_science_action_en,latour,militar,allies,1,528350,allies,0
latour_1987_science_action_en,latour,militar,allies,1,532956,allies,0
latour_1987_science_action_en,latour,militar,allies,1,534900,allies,0
latour_1987_science_action_en,latour,militar,allies,1,534988,allies,0
latour_1987_science_action_en,latour,militar,battles,1,537857,battles,0
latour_1987_science_action_en,latour,militar,mobilised,1,547746,mobilised,0
latour_1987_science_action_en,latour,militar,allies,1,549760,Allies,0
latour_1987_science_action_en,latour,militar,battle,1,559201,battle,0
latour_1987_science_action_en,latour,militar,defence,1,561121,defence,0
latour_1987_science_action_en,latour,militar,defence,1,561144,defence,0
latour_1987_science_action_en,latour,militar,enemies,1,561396,enemies,0
latour_1987_science_action_en,latour,militar,defence,1,562883,defence,0
latour_1987_science_action_en,latour,militar,defence,1,563156,defence,0
latour_1987_science_action_en,latour,militar,defence,1,565229,defence,0
latour_1987_science_action_en,latour,militar,war,1,575572,war,0
latour_1987_science_action_en,latour,militar,war,1,579039,war,0
latour_1987_science_action_en,latour,militar,war,1,579282,war,0
latour_1987_science_action_en,latour,militar,soldiers,1,579388,soldiers,0
latour_1987_science_action_en,latour,militar,defence,1,591287,defence,0
latour_1987_science_action_en,latour,militar,ally,1,608949,ally,0
latour_1987_science_action_en,latour,militar,enemies,1,609551,enemies,0
latour_1987_science_action_en,latour,militar,defence,1,614480,defence,0
latour_1987_science_action_en,latour,militar,mobilise,1,614512,mobilise,0
latour_1987_science_action_en,latour,militar,allies,1,616300,allies,0
latour_1987_science_action_en,latour,militar,mobilising,1,616347,mobilising,0
latour_1987_science_action_en,latour,militar,attacked,1,618164,attacked,0
latour_1987_science_action_en,latour,militar,attack,1,618427,attack,0
latour_1987_science_action_en,latour,militar,attacked,1,618777,attacked,0
latour_1987_science_action_en,latour,militar,attacked,1,619010,attacked,0
latour_1987_science_action_en,latour,militar,attack,1,619565,attack,0
latour_1987_science_action_en,latour,militar,mobilises,1,620490,mobilises,0
latour_1987_science_action_en,latour,militar,attacked,1,625632,attacked,0
latour_1987_science_action_en,latour,militar,allies,1,631717,allies,0
latour_1987_science_action_en,latour,militar,attacked,1,631878,attacked,0
latour_1987_science_action_en,latour,militar,soldiers,1,633318,soldiers,0
latour_1987_science_action_en,latour,militar,recruited,1,644356,recruited,0
latour_1987_science_action_en,latour,militar,allies,1,663267,allies,0
latour_1987_science_action_en,latour,militar,enemy,1,666454,enemy,0
latour_1987_science_action_en,latour,militar,alliance,1,667285,alliance,0
latour_1987_science_action_en,latour,militar,mobilisation,1,670991,mobilisation,0
latour_1987_science_action_en,latour,militar,mobilisation,1,674900,mobilisation,0
latour_1987_science_action_en,latour,militar,mobilisation,1,677034,mobilisation,0
latour_1987_science_action_en,latour,militar,mobilisation,1,677243,mobilisation,0
latour_1987_science_action_en,latour,militar,mobilised,1,683049,mobilised,0
latour_1987_science_action_en,latour,militar,mobilisation,1,687251,mobilisation,0
latour_1987_science_action_en,latour,militar,mobilise,1,687819,mobilise,0
latour_1987_science_action_en,latour,militar,allies,1,697734,allies,0
latour_1987_science_action_en,latour,militar,mobilisation,1,700301,mobilisation,0
latour_1987_science_action_en,latour,militar,allies,1,701196,allies,0
latour_1987_science_action_en,latour,militar,mobilise,1,701347,mobilise,0
latour_1987_science_action_en,latour,militar,mobilisation,1,702346,mobilisation,0
latour_1987_science_action_en,latour,militar,allies,1,702568,allies,0
latour_1987_science_action_en,latour,militar,mobilisation,1,703319,mobilisation,0
latour_1987_science_action_en,latour,militar,mobilisation,1,703477,mobilisation,0
latour_1987_science_action_en,latour,militar,victory,1,703522,victory,0
latour_1987_science_action_en,latour,militar,mobilised,1,703795,mobilised,0
latour_1987_science_action_en,latour,militar,mobilise,1,706837,mobilise,0
latour_1987_science_action_en,latour,militar,allies,1,707937,allies,0
latour_1987_science_action_en,latour,militar,mobilise,1,708326,mobilise,0
latour_1987_science_action_en,latour,militar,mobilisation,1,715100,mobilisation,0
latour_1987_science_action_en,latour,militar,allies,1,716086,allies,0
latour_1987_science_action_en,latour,militar,mobilised,1,720588,mobilised,0
latour_1987_science_action_en,latour,militar,mobilisation,1,721797,mobilisation,0
latour_1987_science_action_en,latour,militar,troops,1,726114,troops,0
latour_1987_science_action_en,latour,militar,mobilising,1,726590,mobilising,0
latour_1987_science_action_en,latour,militar,allies,1,726618,allies,0
latour_1987_science_action_en,latour,militar,mobilisation,1,727345,mobilisation,0
latour_1987_science_action_en,latour,militar,mobilisation,1,728754,mobilisation,0
latour_1987_science_action_en,latour,militar,mobilise,1,730337,mobilise,0
latour_1987_science_action_en,latour,militar,mobilisation,1,730872,mobilisation,0
latour_1987_science_action_en,latour,militar,mobilisation,1,733406,mobilisation,0
latour_1987_science_action_en,latour,militar,mobilisation,1,743549,mobilisation,0
latour_1987_science_action_en,latour,militar,allies,1,744987,allies,0
latour_1987_science_action_en,latour,militar,mobilisation,1,752923,mobilisation,0
latour_1987_science_action_en,latour,militar,mobilisation,1,776148,mobilisation,0
latour_1987_science_action_en,latour,militar,allies,1,785552,allies,0
latour_1987_science_action_en,latour,militar,weapon,1,787409,weapon,0
latour_1987_science_action_en,latour,militar,mobilisation,1,797477,mobilisation,0
latour_1987_science_action_en,latour,militar,war,1,816909,War,0
latour_1987_science_action_en,latour,militar,mobilisation,1,823143,mobilisation,0
latour_1987_science_action_en,latour,textil,tie,1,23394,tie,0
latour_1987_science_action_en,latour,textil,tied,1,41285,tied,0
latour_1987_science_action_en,latour,textil,tie,1,53913,tie,0
latour_1987_science_action_en,latour,textil,net,1,131418,net,0
latour_1987_science_action_en,latour,textil,net,1,131494,net,0
latour_1987_science_action_en,latour,textil,tie,1,143527,tie,0
latour_1987_science_action_en,latour,textil,tied,1,146066,tied,0
latour_1987_science_action_en,latour,textil,string,1,151881,string,0
latour_1987_science_action_en,latour,textil,string,1,151965,string,0
latour_1987_science_action_en,latour,textil,ties,1,184870,ties,0
latour_1987_science_action_en,latour,textil,tied,1,195935,tied,0
latour_1987_science_action_en,latour,textil,ties,1,221215,ties,0
latour_1987_science_action_en,latour,textil,tied,1,231689,tied,0
latour_1987_science_action_en,latour,textil,ties,1,236399,ties,0
latour_1987_science_action_en,latour,textil,tied,1,239484,tied,0
latour_1987_science_action_en,latour,textil,tied,1,242948,tied,0
latour_1987_science_action_en,latour,textil,tie,1,249181,tie,0
latour_1987_science_action_en,latour,textil,ties,1,256810,ties,0
latour_1987_science_action_en,latour,textil,wires,1,270864,wires,0
latour_1987_science_action_en,latour,textil,weave,1,286434,weave,0
latour_1987_science_action_en,latour,textil,knot,1,286444,knot,0
latour_1987_science_action_en,latour,textil,tied,1,312450,tied,0
latour_1987_science_action_en,latour,textil,tied,1,313417,tied,0
latour_1987_science_action_en,latour,textil,tied,1,315742,tied,0
latour_1987_science_action_en,latour,textil,tied,1,321946,tied,0
latour_1987_science_action_en,latour,textil,tied,1,352836,tied,0
latour_1987_science_action_en,latour,textil,tied,1,352920,tied,0
latour_1987_science_action_en,latour,textil,woven,1,353008,woven,0
latour_1987_science_action_en,latour,textil,net,1,353051,net,0
latour_1987_science_action_en,latour,textil,tie,1,366691,tie,0
latour_1987_science_action_en,latour,textil,ties,1,368400,ties,0
latour_1987_science_action_en,latour,textil,tie,1,371092,tie,0
latour_1987_science_action_en,latour,textil,tie,1,372746,tie,0
latour_1987_science_action_en,latour,textil,tied,1,374184,tied,0
latour_1987_science_action_en,latour,textil,tie,1,374330,tie,0
latour_1987_science_action_en,latour,textil,fabric,1,384839,fabric,0
latour_1987_science_action_en,latour,textil,tied,1,386533,tied,0
latour_1987_science_action_en,latour,textil,tie,1,388324,tie,0
latour_1987_science_action_en,latour,textil,tie,1,388853,tie,0
latour_1987_science_action_en,latour,textil,tie,1,389029,tie,0
latour_1987_science_action_en,latour,textil,tied,1,389084,tied,0
latour_1987_science_action_en,latour,textil,tied,1,395023,tied,0
latour_1987_science_action_en,latour,textil,tied,1,401375,tied,0
latour_1987_science_action_en,latour,textil,tied,1,418207,tied,0
latour_1987_science_action_en,latour,textil,tied,1,418690,tied,0
latour_1987_science_action_en,latour,textil,tied,1,420764,tied,0
latour_1987_science_action_en,latour,textil,tied,1,427044,tied,0
latour_1987_science_action_en,latour,textil,tied,1,427562,tied,0
latour_1987_science_action_en,latour,textil,tied,1,428822,tied,0
latour_1987_science_action_en,latour,textil,tied,1,429045,tied,0
latour_1987_science_action_en,latour,textil,tied,1,433941,tied,0
latour_1987_science_action_en,latour,textil,tied,1,433976,tied,0
latour_1987_science_action_en,latour,textil,tie,1,473672,tie,0
latour_1987_science_action_en,latour,textil,tied,1,479531,tied,0
latour_1987_science_action_en,latour,textil,tied,1,479619,tied,0
latour_1987_science_action_en,latour,textil,tied,1,487962,tied,0
latour_1987_science_action_en,latour,textil,tied,1,491647,tied,0
latour_1987_science_action_en,latour,textil,tied,1,491729,tied,0
latour_1987_science_action_en,latour,textil,tied,1,491825,tied,0
latour_1987_science_action_en,latour,textil,tied,1,527294,tied,0
latour_1987_science_action_en,latour,textil,tied,1,530030,tied,0
latour_1987_science_action_en,latour,textil,tied,1,532854,tied,0
latour_1987_science_action_en,latour,textil,tied,1,533570,tied,0
latour_1987_science_action_en,latour,textil,knots,1,535241,knots,0
latour_1987_science_action_en,latour,textil,net,1,535381,net,0
latour_1987_science_action_en,latour,textil,net,1,536050,net,0
latour_1987_science_action_en,latour,textil,fabric,1,562529,fabric,0
latour_1987_science_action_en,latour,textil,tie,1,583308,tie,0
latour_1987_science_action_en,latour,textil,net,1,591380,net,0
latour_1987_science_action_en,latour,textil,tied,1,593791,tied,0
latour_1987_science_action_en,latour,textil,tied,1,593996,tied,0
latour_1987_science_action_en,latour,textil,tied,1,594141,tied,0
latour_1987_science_action_en,latour,textil,ties,1,594973,ties,0
latour_1987_science_action_en,latour,textil,tied,1,597652,tied,0
latour_1987_science_action_en,latour,textil,tied,1,601462,tied,0
latour_1987_science_action_en,latour,textil,tied,1,602661,tied,0
latour_1987_science_action_en,latour,textil,tied,1,604506,tied,0
latour_1987_science_action_en,latour,textil,tied,1,607483,tied,0
latour_1987_science_action_en,latour,textil,tie,1,609511,tie,0
latour_1987_science_action_en,latour,textil,tie,1,609704,tie,0
latour_1987_science_action_en,latour,textil,tie,1,610040,tie,0
latour_1987_science_action_en,latour,textil,tied,1,612707,tied,0
latour_1987_science_action_en,latour,textil,tie,1,615975,tie,0
latour_1987_science_action_en,latour,textil,tied,1,619768,tied,0
latour_1987_science_action_en,latour,textil,fabric,1,628863,fabric,0
latour_1987_science_action_en,latour,textil,tied,1,643377,tied,0
latour_1987_science_action_en,latour,textil,woven,1,667645,woven,0
latour_1987_science_action_en,latour,textil,threads,1,667675,threads,0
latour_1987_science_action_en,latour,textil,weaving,1,699766,weaving,0
latour_1987_science_action_en,latour,textil,net,1,716185,net,0
latour_1987_science_action_en,latour,textil,tied,1,718100,tied,0
latour_1987_science_action_en,latour,textil,knots,1,719708,knots,0
latour_1987_science_action_en,latour,textil,ties,1,720373,ties,0
latour_1987_science_action_en,latour,textil,filament,1,725193,filament,0
latour_1987_science_action_en,latour,textil,filament,1,725349,filament,0
latour_1987_science_action_en,latour,textil,filament,1,726169,filament,0
latour_1987_science_action_en,latour,textil,ties,1,727100,ties,0
latour_1987_science_action_en,latour,textil,tie,1,730380,tie,0
latour_1987_science_action_en,latour,textil,tie,1,731382,tie,0
latour_1987_science_action_en,latour,textil,tie,1,731632,tie,0
latour_1987_science_action_en,latour,textil,knots,1,732865,knots,0
latour_1987_science_action_en,latour,textil,net,1,732892,net,0
latour_1987_science_action_en,latour,textil,ties,1,740156,ties,0
latour_1987_science_action_en,latour,textil,tied,1,741027,tied,0
latour_1987_science_action_en,latour,textil,tie,1,746064,tie,0
latour_1987_science_action_en,latour,textil,tied,1,747077,tied,0
latour_1987_science_action_en,latour,textil,tied,1,759421,Tied,0
latour_1987_science_action_en,latour,textil,ties,1,762411,ties,0
latour_1987_science_action_en,latour,textil,tie,1,762725,tie,0
latour_1987_science_action_en,latour,textil,woven,1,774634,woven,0
latour_1987_science_action_en,latour,textil,tied,1,785127,tied,0
latour_1987_science_action_en,latour,topologia,inside,1,10040,inside,0
latour_1987_science_action_en,latour,topologia,outside,1,10057,outside,0
latour_1987_science_action_en,latour,topologia,outside,1,15450,outside,0
latour_1987_science_action_en,latour,topologia,outside,1,48578,outside,0
latour_1987_science_action_en,latour,topologia,outside,1,48841,outside,0
latour_1987_science_action_en,latour,topologia,scale,1,52376,scale,0
latour_1987_science_action_en,latour,topologia,inside,1,62140,inside,0
latour_1987_science_action_en,latour,topologia,inside,1,63975,inside,0
latour_1987_science_action_en,latour,topologia,inside,1,64086,inside,0
latour_1987_science_action_en,latour,topologia,inside,1,66201,inside,0
latour_1987_science_action_en,latour,topologia,path,1,67622,path,0
latour_1987_science_action_en,latour,topologia,paths,1,68596,paths,0
latour_1987_science_action_en,latour,topologia,paths,1,70859,paths,0
latour_1987_science_action_en,latour,topologia,path,1,76957,path,0
latour_1987_science_action_en,latour,topologia,pathway,1,77441,pathway,0
latour_1987_science_action_en,latour,topologia,path,1,77518,path,0
latour_1987_science_action_en,latour,topologia,inside,1,99231,Inside,0
latour_1987_science_action_en,latour,topologia,inside,1,118676,inside,0
latour_1987_science_action_en,latour,topologia,flow,1,119761,flow,0
latour_1987_science_action_en,latour,topologia,outside,1,134971,outside,0
latour_1987_science_action_en,latour,topologia,flow,1,136219,flow,0
latour_1987_science_action_en,latour,topologia,scale,1,136605,scale,0
latour_1987_science_action_en,latour,topologia,inside,1,139476,inside,0
latour_1987_science_action_en,latour,topologia,outside,1,139771,outside,0
latour_1987_science_action_en,latour,topologia,inside,1,139792,inside,0
latour_1987_science_action_en,latour,topologia,outside,1,139959,outside,0
latour_1987_science_action_en,latour,topologia,folded,1,140137,folded,0
latour_1987_science_action_en,latour,topologia,flows,1,140847,flows,0
latour_1987_science_action_en,latour,topologia,folds,1,141638,folds,0
latour_1987_science_action_en,latour,topologia,inside,1,142604,Inside,0
latour_1987_science_action_en,latour,topologia,inside,1,143908,inside,0
latour_1987_science_action_en,latour,topologia,folded,1,143947,folded,0
latour_1987_science_action_en,latour,topologia,folding,1,145891,folding,0
latour_1987_science_action_en,latour,topologia,pathways,1,166507,pathways,0
latour_1987_science_action_en,latour,topologia,paths,1,166612,paths,0
latour_1987_science_action_en,latour,topologia,flows,1,168453,flows,0
latour_1987_science_action_en,latour,topologia,flow,1,168828,flow,0
latour_1987_science_action_en,latour,topologia,scale,1,169176,scale,0
latour_1987_science_action_en,latour,topologia,flow,1,169292,flow,0
latour_1987_science_action_en,latour,topologia,paths,1,170640,paths,0
latour_1987_science_action_en,latour,topologia,flows,1,171051,flows,0
latour_1987_science_action_en,latour,topologia,flowing,1,171110,flowing,0
latour_1987_science_action_en,latour,topologia,path,1,171795,path,0
latour_1987_science_action_en,latour,topologia,path,1,172473,path,0
latour_1987_science_action_en,latour,topologia,path,1,180797,path,0
latour_1987_science_action_en,latour,topologia,path,1,181025,path,0
latour_1987_science_action_en,latour,topologia,boundary,1,184594,boundary,0
latour_1987_science_action_en,latour,topologia,inside,1,186898,inside,0
latour_1987_science_action_en,latour,topologia,flat,1,189802,flat,0
latour_1987_science_action_en,latour,topologia,flowing,1,191526,flowing,0
latour_1987_science_action_en,latour,topologia,surface,1,192615,surface,0
latour_1987_science_action_en,latour,topologia,fluid,1,195293,fluid,0
latour_1987_science_action_en,latour,topologia,scale,1,197664,scale,0
latour_1987_science_action_en,latour,topologia,scale,1,203405,scale,0
latour_1987_science_action_en,latour,topologia,outside,1,221173,outside,0
latour_1987_science_action_en,latour,topologia,flow,1,226533,flow,0
latour_1987_science_action_en,latour,topologia,connected,1,231792,connected,0
latour_1987_science_action_en,latour,topologia,connections,1,231928,connections,0
latour_1987_science_action_en,latour,topologia,connection,1,232576,connection,0
latour_1987_science_action_en,latour,topologia,connections,1,232865,connections,0
latour_1987_science_action_en,latour,topologia,connections,1,232918,connections,0
latour_1987_science_action_en,latour,topologia,inside,1,234729,inside,0
latour_1987_science_action_en,latour,topologia,outside,1,251328,outside,0
latour_1987_science_action_en,latour,topologia,outside,1,251724,outside,0
latour_1987_science_action_en,latour,topologia,connection,1,251791,connection,0
latour_1987_science_action_en,latour,topologia,outside,1,252415,outside,0
latour_1987_science_action_en,latour,topologia,inside,1,259911,inside,0
latour_1987_science_action_en,latour,topologia,inside,1,263582,Inside,0
latour_1987_science_action_en,latour,topologia,inside,1,269729,inside,0
latour_1987_science_action_en,latour,topologia,inside,1,270333,inside,0
latour_1987_science_action_en,latour,topologia,connection,1,272288,connection,0
latour_1987_science_action_en,latour,topologia,inside,1,282388,inside,0
latour_1987_science_action_en,latour,topologia,scale,1,283024,scale,0
latour_1987_science_action_en,latour,topologia,inside,1,290884,inside,0
latour_1987_science_action_en,latour,topologia,outside,1,290968,outside,0
latour_1987_science_action_en,latour,topologia,outside,1,292340,outside,0
latour_1987_science_action_en,latour,topologia,outside,1,292834,outside,0
latour_1987_science_action_en,latour,topologia,scale,1,293585,scale,0
latour_1987_science_action_en,latour,topologia,outside,1,299472,outside,0
latour_1987_science_action_en,latour,topologia,trajectory,1,309041,trajectory,0
latour_1987_science_action_en,latour,topologia,trajectory,1,318407,trajectory,0
latour_1987_science_action_en,latour,topologia,trajectory,1,320318,trajectory,0
latour_1987_science_action_en,latour,topologia,trajectory,1,320453,trajectory,0
latour_1987_science_action_en,latour,topologia,trajectory,1,320960,trajectory,0
latour_1987_science_action_en,latour,topologia,inside,1,325127,inside,0
latour_1987_science_action_en,latour,topologia,planes,1,335941,planes,0
latour_1987_science_action_en,latour,topologia,scale,1,337149,scale,0
latour_1987_science_action_en,latour,topologia,path,1,338727,path,0
latour_1987_science_action_en,latour,topologia,meshes,1,353099,meshes,0
latour_1987_science_action_en,latour,topologia,flow,1,360463,flow,0
latour_1987_science_action_en,latour,topologia,flow,1,365385,flow,0
latour_1987_science_action_en,latour,topologia,inside,1,370630,inside,0
latour_1987_science_action_en,latour,topologia,inside,1,371183,inside,0
latour_1987_science_action_en,latour,topologia,boundaries,1,375223,boundaries,0
latour_1987_science_action_en,latour,topologia,connected,1,378236,connected,0
latour_1987_science_action_en,latour,topologia,connected,1,378280,connected,0
latour_1987_science_action_en,latour,topologia,boundaries,1,380035,boundaries,0
latour_1987_science_action_en,latour,topologia,boundaries,1,381146,boundaries,0
latour_1987_science_action_en,latour,topologia,connection,1,381674,connection,0
latour_1987_science_action_en,latour,topologia,inside,1,381711,inside,0
latour_1987_science_action_en,latour,topologia,connection,1,382654,connection,0
latour_1987_science_action_en,latour,topologia,inside,1,385588,inside,0
latour_1987_science_action_en,latour,topologia,inside,1,385640,inside,0
latour_1987_science_action_en,latour,topologia,connections,1,385937,connections,0
latour_1987_science_action_en,latour,topologia,inside,1,386025,inside,0
latour_1987_science_action_en,latour,topologia,boundaries,1,392930,boundaries,0
latour_1987_science_action_en,latour,topologia,flow,1,393624,flow,0
latour_1987_science_action_en,latour,topologia,flow,1,394239,flow,0
latour_1987_science_action_en,latour,topologia,disconnected,1,396176,disconnected,0
latour_1987_science_action_en,latour,topologia,flow,1,402261,flow,0
latour_1987_science_action_en,latour,topologia,trajectories,1,404680,trajectories,0
latour_1987_science_action_en,latour,topologia,flow,1,409451,flow,0
latour_1987_science_action_en,latour,topologia,path,1,410926,path,0
latour_1987_science_action_en,latour,topologia,path,1,411406,path,0
latour_1987_science_action_en,latour,topologia,trajectory,1,412122,trajectory,0
latour_1987_science_action_en,latour,topologia,path,1,412263,path,0
latour_1987_science_action_en,latour,topologia,path,1,412510,path,0
latour_1987_science_action_en,latour,topologia,path,1,425094,path,0
latour_1987_science_action_en,latour,topologia,path,1,430604,path,0
latour_1987_science_action_en,latour,topologia,inside,1,433022,inside,0
latour_1987_science_action_en,latour,topologia,paths,1,440311,paths,0
latour_1987_science_action_en,latour,topologia,inside,1,444456,inside,0
latour_1987_science_action_en,latour,topologia,outside,1,444969,outside,0
latour_1987_science_action_en,latour,topologia,inside,1,445167,inside,0
latour_1987_science_action_en,latour,topologia,outside,1,445243,outside,0
latour_1987_science_action_en,latour,topologia,outside,1,446189,outside,0
latour_1987_science_action_en,latour,topologia,inside,1,446253,inside,0
latour_1987_science_action_en,latour,topologia,outside,1,447029,outside,0
latour_1987_science_action_en,latour,topologia,flow,1,447540,flow,0
latour_1987_science_action_en,latour,topologia,inside,1,452057,inside,0
latour_1987_science_action_en,latour,topologia,outside,1,452092,outside,0
latour_1987_science_action_en,latour,topologia,inside,1,452787,inside,0
latour_1987_science_action_en,latour,topologia,outside,1,453342,outside,0
latour_1987_science_action_en,latour,topologia,inside,1,453358,inside,0
latour_1987_science_action_en,latour,topologia,outside,1,458030,outside,0
latour_1987_science_action_en,latour,topologia,outside,1,459312,outside,0
latour_1987_science_action_en,latour,topologia,inside,1,459700,inside,0
latour_1987_science_action_en,latour,topologia,inside,1,459807,inside,0
latour_1987_science_action_en,latour,topologia,boundaries,1,460290,boundaries,0
latour_1987_science_action_en,latour,topologia,outside,1,461192,outside,0
latour_1987_science_action_en,latour,topologia,inside,1,461215,inside,0
latour_1987_science_action_en,latour,topologia,outside,1,461363,outside,0
latour_1987_science_action_en,latour,topologia,inside,1,461443,inside,0
latour_1987_science_action_en,latour,topologia,outside,1,462566,outside,0
latour_1987_science_action_en,latour,topologia,inside,1,462746,inside,0
latour_1987_science_action_en,latour,topologia,outside,1,462778,outside,0
latour_1987_science_action_en,latour,topologia,plane,1,463505,plane,0
latour_1987_science_action_en,latour,topologia,plane,1,463736,plane,0
latour_1987_science_action_en,latour,topologia,plane,1,467006,plane,0
latour_1987_science_action_en,latour,topologia,inside,1,470524,inside,0
latour_1987_science_action_en,latour,topologia,outside,1,471398,outside,0
latour_1987_science_action_en,latour,topologia,inside,1,471462,inside,0
latour_1987_science_action_en,latour,topologia,outside,1,472714,outside,0
latour_1987_science_action_en,latour,topologia,outside,1,473423,outside,0
latour_1987_science_action_en,latour,topologia,inside,1,473474,inside,0
latour_1987_science_action_en,latour,topologia,outside,1,474034,outside,0
latour_1987_science_action_en,latour,topologia,inside,1,474057,inside,0
latour_1987_science_action_en,latour,topologia,inside,1,474463,inside,0
latour_1987_science_action_en,latour,topologia,outside,1,474488,outside,0
latour_1987_science_action_en,latour,topologia,inside,1,474606,inside,0
latour_1987_science_action_en,latour,topologia,outside,1,474626,outside,0
latour_1987_science_action_en,latour,topologia,inside,1,474711,inside,0
latour_1987_science_action_en,latour,topologia,outside,1,475158,outside,0
latour_1987_science_action_en,latour,topologia,inside,1,475228,inside,0
latour_1987_science_action_en,latour,topologia,inside,1,475269,inside,0
latour_1987_science_action_en,latour,topologia,outside,1,475285,outside,0
latour_1987_science_action_en,latour,topologia,outside,1,475754,outside,0
latour_1987_science_action_en,latour,topologia,inside,1,475982,inside,0
latour_1987_science_action_en,latour,topologia,outside,1,476025,outside,0
latour_1987_science_action_en,latour,topologia,inside,1,476159,inside,0
latour_1987_science_action_en,latour,topologia,outside,1,476216,outside,0
latour_1987_science_action_en,latour,topologia,inside,1,478577,inside,0
latour_1987_science_action_en,latour,topologia,outside,1,479539,outside,0
latour_1987_science_action_en,latour,topologia,inside,1,479888,inside,0
latour_1987_science_action_en,latour,topologia,outside,1,479899,outside,0
latour_1987_science_action_en,latour,topologia,boundary,1,481698,boundary,0
latour_1987_science_action_en,latour,topologia,inside,1,481731,inside,0
latour_1987_science_action_en,latour,topologia,outside,1,481746,outside,0
latour_1987_science_action_en,latour,topologia,inside,1,481876,inside,0
latour_1987_science_action_en,latour,topologia,inside,1,482360,inside,0
latour_1987_science_action_en,latour,topologia,outside,1,482385,outside,0
latour_1987_science_action_en,latour,topologia,outside,1,482655,outside,0
latour_1987_science_action_en,latour,topologia,outside,1,482959,outside,0
latour_1987_science_action_en,latour,topologia,inside,1,483020,inside,0
latour_1987_science_action_en,latour,topologia,path,1,483097,path,0
latour_1987_science_action_en,latour,topologia,inside,1,483131,inside,0
latour_1987_science_action_en,latour,topologia,outside,1,483152,outside,0
latour_1987_science_action_en,latour,topologia,inside,1,483352,inside,0
latour_1987_science_action_en,latour,topologia,outside,1,483365,outside,0
latour_1987_science_action_en,latour,topologia,outside,1,483630,outside,0
latour_1987_science_action_en,latour,topologia,inside,1,483645,inside,0
latour_1987_science_action_en,latour,topologia,inside,1,483933,inside,0
latour_1987_science_action_en,latour,topologia,outside,1,483976,outside,0
latour_1987_science_action_en,latour,topologia,scale,1,487378,scale,0
latour_1987_science_action_en,latour,topologia,inside,1,488199,inside,0
latour_1987_science_action_en,latour,topologia,outside,1,490960,outside,0
latour_1987_science_action_en,latour,topologia,inside,1,491055,inside,0
latour_1987_science_action_en,latour,topologia,inside,1,492588,inside,0
latour_1987_science_action_en,latour,topologia,outside,1,492623,outside,0
latour_1987_science_action_en,latour,topologia,scale,1,493581,scale,0
latour_1987_science_action_en,latour,topologia,outside,1,496632,outside,0
latour_1987_science_action_en,latour,topologia,inside,1,496661,inside,0
latour_1987_science_action_en,latour,topologia,inside,1,500705,inside,0
latour_1987_science_action_en,latour,topologia,scale,1,502350,scale,0
latour_1987_science_action_en,latour,topologia,scale,1,502417,scale,0
latour_1987_science_action_en,latour,topologia,inside,1,503790,inside,0
latour_1987_science_action_en,latour,topologia,inside,1,504836,inside,0
latour_1987_science_action_en,latour,topologia,outside,1,504928,outside,0
latour_1987_science_action_en,latour,topologia,inside,1,505357,inside,0
latour_1987_science_action_en,latour,topologia,scale,1,506626,scale,0
latour_1987_science_action_en,latour,topologia,outside,1,508954,outside,0
latour_1987_science_action_en,latour,topologia,scale,1,510243,scale,0
latour_1987_science_action_en,latour,topologia,boundaries,1,510855,boundaries,0
latour_1987_science_action_en,latour,topologia,flowing,1,512567,flowing,0
latour_1987_science_action_en,latour,topologia,scale,1,513409,scale,0
latour_1987_science_action_en,latour,topologia,scale,1,513839,scale,0
latour_1987_science_action_en,latour,topologia,inside,1,514059,inside,0
latour_1987_science_action_en,latour,topologia,scale,1,518069,scale,0
latour_1987_science_action_en,latour,topologia,outside,1,522404,outside,0
latour_1987_science_action_en,latour,topologia,boundaries,1,526070,boundaries,0
latour_1987_science_action_en,latour,topologia,inside,1,527129,inside,0
latour_1987_science_action_en,latour,topologia,outside,1,527637,outside,0
latour_1987_science_action_en,latour,topologia,boundaries,1,529722,boundaries,0
latour_1987_science_action_en,latour,topologia,boundaries,1,529882,boundaries,0
latour_1987_science_action_en,latour,topologia,inside,1,531882,inside,0
latour_1987_science_action_en,latour,topologia,outside,1,531889,outside,0
latour_1987_science_action_en,latour,topologia,nodes,1,535255,nodes,0
latour_1987_science_action_en,latour,topologia,connected,1,535271,connected,0
latour_1987_science_action_en,latour,topologia,mesh,1,535316,mesh,0
latour_1987_science_action_en,latour,topologia,connections,1,535328,connections,0
latour_1987_science_action_en,latour,topologia,mesh,1,536038,mesh,0
latour_1987_science_action_en,latour,topologia,mesh,1,536939,mesh,0
latour_1987_science_action_en,latour,topologia,outside,1,537251,outside,0
latour_1987_science_action_en,latour,topologia,planes,1,537840,planes,0
latour_1987_science_action_en,latour,topologia,inside,1,537891,Inside,0
latour_1987_science_action_en,latour,topologia,planes,1,539107,planes,0
latour_1987_science_action_en,latour,topologia,scale,1,539568,scale,0
latour_1987_science_action_en,latour,topologia,inside,1,540068,inside,0
latour_1987_science_action_en,latour,topologia,inside,1,540511,inside,0
latour_1987_science_action_en,latour,topologia,outside,1,540521,outside,0
latour_1987_science_action_en,latour,topologia,inside,1,540692,inside,0
latour_1987_science_action_en,latour,topologia,mesh,1,541037,mesh,0
latour_1987_science_action_en,latour,topologia,inside,1,542551,inside,0
latour_1987_science_action_en,latour,topologia,outside,1,542585,outside,0
latour_1987_science_action_en,latour,topologia,inside,1,543030,inside,0
latour_1987_science_action_en,latour,topologia,inside,1,543401,inside,0
latour_1987_science_action_en,latour,topologia,outside,1,543416,outside,0
latour_1987_science_action_en,latour,topologia,outside,1,544957,outside,0
latour_1987_science_action_en,latour,topologia,path,1,546675,path,0
latour_1987_science_action_en,latour,topologia,outside,1,546884,outside,0
latour_1987_science_action_en,latour,topologia,outside,1,548323,outside,0
latour_1987_science_action_en,latour,topologia,path,1,548590,path,0
latour_1987_science_action_en,latour,topologia,inside,1,549613,inside,0
latour_1987_science_action_en,latour,topologia,path,1,550035,path,0
latour_1987_science_action_en,latour,topologia,path,1,550148,path,0
latour_1987_science_action_en,latour,topologia,inside,1,552922,inside,0
latour_1987_science_action_en,latour,topologia,outside,1,552951,outside,0
latour_1987_science_action_en,latour,topologia,path,1,556272,path,0
latour_1987_science_action_en,latour,topologia,disconnected,1,557002,disconnected,0
latour_1987_science_action_en,latour,topologia,path,1,558194,path,0
latour_1987_science_action_en,latour,topologia,path,1,559888,path,0
latour_1987_science_action_en,latour,topologia,path,1,559976,path,0
latour_1987_science_action_en,latour,topologia,connected,1,564258,connected,0
latour_1987_science_action_en,latour,topologia,path,1,567519,path,0
latour_1987_science_action_en,latour,topologia,scale,1,568599,scale,0
latour_1987_science_action_en,latour,topologia,inside,1,576199,inside,0
latour_1987_science_action_en,latour,topologia,outside,1,576242,outside,0
latour_1987_science_action_en,latour,topologia,path,1,576400,path,0
latour_1987_science_action_en,latour,topologia,plane,1,577520,plane,0
latour_1987_science_action_en,latour,topologia,plane,1,579990,plane,0
latour_1987_science_action_en,latour,topologia,paths,1,584117,paths,0
latour_1987_science_action_en,latour,topologia,path,1,585239,path,0
latour_1987_science_action_en,latour,topologia,meshes,1,585300,meshes,0
latour_1987_science_action_en,latour,topologia,outside,1,590296,outside,0
latour_1987_science_action_en,latour,topologia,paths,1,591155,paths,0
latour_1987_science_action_en,latour,topologia,meshes,1,591407,meshes,0
latour_1987_science_action_en,latour,topologia,inside,1,592929,inside,0
latour_1987_science_action_en,latour,topologia,outside,1,593031,outside,0
latour_1987_science_action_en,latour,topologia,inside,1,596889,inside,0
latour_1987_science_action_en,latour,topologia,outside,1,599037,outside,0
latour_1987_science_action_en,latour,topologia,outside,1,602459,outside,0
latour_1987_science_action_en,latour,topologia,outside,1,604950,outside,0
latour_1987_science_action_en,latour,topologia,path,1,605286,path,0
latour_1987_science_action_en,latour,topologia,path,1,606021,path,0
latour_1987_science_action_en,latour,topologia,paths,1,617074,paths,0
latour_1987_science_action_en,latour,topologia,pathways,1,617476,pathways,0
latour_1987_science_action_en,latour,topologia,inside,1,618560,inside,0
latour_1987_science_action_en,latour,topologia,mesh,1,618604,mesh,0
latour_1987_science_action_en,latour,topologia,flows,1,618862,flows,0
latour_1987_science_action_en,latour,topologia,path,1,619600,path,0
latour_1987_science_action_en,latour,topologia,inside,1,619850,inside,0
latour_1987_science_action_en,latour,topologia,outside,1,619865,outside,0
latour_1987_science_action_en,latour,topologia,inside,1,622884,inside,0
latour_1987_science_action_en,latour,topologia,meshes,1,622939,meshes,0
latour_1987_science_action_en,latour,topologia,circulation,1,625374,circulation,0
latour_1987_science_action_en,latour,topologia,circulating,1,625651,circulating,0
latour_1987_science_action_en,latour,topologia,inside,1,625788,inside,0
latour_1987_science_action_en,latour,topologia,outside,1,627310,outside,0
latour_1987_science_action_en,latour,topologia,circulate,1,627835,circulate,0
latour_1987_science_action_en,latour,topologia,outside,1,627845,outside,0
latour_1987_science_action_en,latour,topologia,scale,1,630872,scale,0
latour_1987_science_action_en,latour,topologia,scale,1,632229,scale,0
latour_1987_science_action_en,latour,topologia,paths,1,632972,paths,0
latour_1987_science_action_en,latour,topologia,path,1,633558,path,0
latour_1987_science_action_en,latour,topologia,outside,1,635056,outside,0
latour_1987_science_action_en,latour,topologia,scale,1,636086,scale,0
latour_1987_science_action_en,latour,topologia,path,1,636453,path,0
latour_1987_science_action_en,latour,topologia,scale,1,640409,Scale,0
latour_1987_science_action_en,latour,topologia,scale,1,642464,scale,0
latour_1987_science_action_en,latour,topologia,scale,1,642734,scale,0
latour_1987_science_action_en,latour,topologia,scale,1,645567,scale,0
latour_1987_science_action_en,latour,topologia,scale,1,645768,scale,0
latour_1987_science_action_en,latour,topologia,scale,1,645877,scale,0
latour_1987_science_action_en,latour,topologia,scale,1,648303,scale,0
latour_1987_science_action_en,latour,topologia,path,1,648333,path,0
latour_1987_science_action_en,latour,topologia,path,1,648819,path,0
latour_1987_science_action_en,latour,topologia,surface,1,654051,surface,0
latour_1987_science_action_en,latour,topologia,paths,1,657814,paths,0
latour_1987_science_action_en,latour,topologia,path,1,660212,path,0
latour_1987_science_action_en,latour,topologia,path,1,660717,path,0
latour_1987_science_action_en,latour,topologia,path,1,673463,path,0
latour_1987_science_action_en,latour,topologia,scale,1,674204,scale,0
latour_1987_science_action_en,latour,topologia,path,1,674385,path,0
latour_1987_science_action_en,latour,topologia,scale,1,676945,scale,0
latour_1987_science_action_en,latour,topologia,inside,1,677545,inside,0
latour_1987_science_action_en,latour,topologia,inside,1,678663,inside,0
latour_1987_science_action_en,latour,topologia,surface,1,678689,surface,0
latour_1987_science_action_en,latour,topologia,connection,1,679126,connection,0
latour_1987_science_action_en,latour,topologia,scale,1,680740,scale,0
latour_1987_science_action_en,latour,topologia,inside,1,680881,inside,0
latour_1987_science_action_en,latour,topologia,trajectories,1,682128,trajectories,0
latour_1987_science_action_en,latour,topologia,path,1,682477,path,0
latour_1987_science_action_en,latour,topologia,inside,1,682599,inside,0
latour_1987_science_action_en,latour,topologia,inside,1,684112,inside,0
latour_1987_science_action_en,latour,topologia,scale,1,684642,scale,0
latour_1987_science_action_en,latour,topologia,flat,1,684754,flat,0
latour_1987_science_action_en,latour,topologia,surface,1,684759,surface,0
latour_1987_science_action_en,latour,topologia,inside,1,685530,inside,0
latour_1987_science_action_en,latour,topologia,inside,1,686148,inside,0
latour_1987_science_action_en,latour,topologia,inside,1,687644,inside,0
latour_1987_science_action_en,latour,topologia,inside,1,687790,inside,0
latour_1987_science_action_en,latour,topologia,inside,1,688452,inside,0
latour_1987_science_action_en,latour,topologia,inside,1,689851,inside,0
latour_1987_science_action_en,latour,topologia,inside,1,690284,inside,0
latour_1987_science_action_en,latour,topologia,inside,1,690618,inside,0
latour_1987_science_action_en,latour,topologia,scales,1,690781,scales,0
latour_1987_science_action_en,latour,topologia,inside,1,690958,inside,0
latour_1987_science_action_en,latour,topologia,inside,1,691050,inside,0
latour_1987_science_action_en,latour,topologia,inside,1,691758,inside,0
latour_1987_science_action_en,latour,topologia,scale,1,692214,scale,0
latour_1987_science_action_en,latour,topologia,flow,1,693312,flow,0
latour_1987_science_action_en,latour,topologia,connections,1,696396,connections,0
latour_1987_science_action_en,latour,topologia,scale,1,696437,scale,0
latour_1987_science_action_en,latour,topologia,scale,1,696471,scale,0
latour_1987_science_action_en,latour,topologia,flows,1,696534,flows,0
latour_1987_science_action_en,latour,topologia,connections,1,696950,connections,0
latour_1987_science_action_en,latour,topologia,scale,1,697078,scale,0
latour_1987_science_action_en,latour,topologia,scale,1,697103,scale,0
latour_1987_science_action_en,latour,topologia,flow,1,697838,flow,0
latour_1987_science_action_en,latour,topologia,scale,1,698059,scale,0
latour_1987_science_action_en,latour,topologia,inside,1,698579,inside,0
latour_1987_science_action_en,latour,topologia,inside,1,699360,inside,0
latour_1987_science_action_en,latour,topologia,inside,1,699480,Inside,0
latour_1987_science_action_en,latour,topologia,circulate,1,699533,circulate,0
latour_1987_science_action_en,latour,topologia,inside,1,700927,inside,0
latour_1987_science_action_en,latour,topologia,path,1,701141,path,0
latour_1987_science_action_en,latour,topologia,scale,1,702259,scale,0
latour_1987_science_action_en,latour,topologia,inside,1,702529,inside,0
latour_1987_science_action_en,latour,topologia,inside,1,703070,inside,0
latour_1987_science_action_en,latour,topologia,scale,1,703224,scale,0
latour_1987_science_action_en,latour,topologia,inside,1,704121,inside,0
latour_1987_science_action_en,latour,topologia,inside,1,708442,inside,0
latour_1987_science_action_en,latour,topologia,inside,1,708616,inside,0
latour_1987_science_action_en,latour,topologia,proximity,1,711878,proximity,0
latour_1987_science_action_en,latour,topologia,boundaries,1,712182,boundaries,0
latour_1987_science_action_en,latour,topologia,scale,1,713514,scale,0
latour_1987_science_action_en,latour,topologia,flat,1,714029,flat,0
latour_1987_science_action_en,latour,topologia,surface,1,714034,surface,0
latour_1987_science_action_en,latour,topologia,inside,1,715052,Inside,0
latour_1987_science_action_en,latour,topologia,fluid,1,717410,fluid,0
latour_1987_science_action_en,latour,topologia,scale,1,717569,scale,0
latour_1987_science_action_en,latour,topologia,flow,1,717732,flow,0
latour_1987_science_action_en,latour,topologia,flow,1,717810,flow,0
latour_1987_science_action_en,latour,topologia,fluid,1,717863,fluid,0
latour_1987_science_action_en,latour,topologia,fluid,1,717942,fluid,0
latour_1987_science_action_en,latour,topologia,connections,1,719260,connections,0
latour_1987_science_action_en,latour,topologia,scale,1,719975,scale,0
latour_1987_science_action_en,latour,topologia,scale,1,720020,scale,0
latour_1987_science_action_en,latour,topologia,scale,1,720070,scale,0
latour_1987_science_action_en,latour,topologia,scale,1,721083,scale,0
latour_1987_science_action_en,latour,topologia,scale,1,721329,scale,0
latour_1987_science_action_en,latour,topologia,inside,1,727599,inside,0
latour_1987_science_action_en,latour,topologia,inside,1,730536,inside,0
latour_1987_science_action_en,latour,topologia,scale,1,730898,scale,0
latour_1987_science_action_en,latour,topologia,disconnected,1,731506,disconnected,0
latour_1987_science_action_en,latour,topologia,flow,1,732399,flow,0
latour_1987_science_action_en,latour,topologia,meshes,1,732880,meshes,0
latour_1987_science_action_en,latour,topologia,connections,1,735871,connections,0
latour_1987_science_action_en,latour,topologia,plane,1,737094,plane,0
latour_1987_science_action_en,latour,topologia,planes,1,737152,planes,0
latour_1987_science_action_en,latour,topologia,connections,1,738084,connections,0
latour_1987_science_action_en,latour,topologia,inside,1,738677,inside,0
latour_1987_science_action_en,latour,topologia,flat,1,738815,flat,0
latour_1987_science_action_en,latour,topologia,surface,1,738820,surface,0
latour_1987_science_action_en,latour,topologia,surface,1,739305,surface,0
latour_1987_science_action_en,latour,topologia,flat,1,739370,flat,0
latour_1987_science_action_en,latour,topologia,surface,1,739375,surface,0
latour_1987_science_action_en,latour,topologia,surface,1,739803,surface,0
latour_1987_science_action_en,latour,topologia,surface,1,739898,surface,0
latour_1987_science_action_en,latour,topologia,surfaces,1,740040,surfaces,0
latour_1987_science_action_en,latour,topologia,flow,1,740315,flow,0
latour_1987_science_action_en,latour,topologia,inside,1,740740,inside,0
latour_1987_science_action_en,latour,topologia,inside,1,741392,inside,0
latour_1987_science_action_en,latour,topologia,proximity,1,742695,proximity,0
latour_1987_science_action_en,latour,topologia,inside,1,743831,inside,0
latour_1987_science_action_en,latour,topologia,connections,1,743915,connections,0
latour_1987_science_action_en,latour,topologia,outside,1,744093,outside,0
latour_1987_science_action_en,latour,topologia,topology,1,744190,topology,0
latour_1987_science_action_en,latour,topologia,inside,1,747693,inside,0
latour_1987_science_action_en,latour,topologia,scale,1,748030,scale,0
latour_1987_science_action_en,latour,topologia,scale,1,749559,scale,0
latour_1987_science_action_en,latour,topologia,outside,1,749638,outside,0
latour_1987_science_action_en,latour,topologia,inside,1,749664,inside,0
latour_1987_science_action_en,latour,topologia,inside,1,750649,inside,0
latour_1987_science_action_en,latour,topologia,outside,1,750687,outside,0
latour_1987_science_action_en,latour,topologia,inside,1,750910,inside,0
latour_1987_science_action_en,latour,topologia,outside,1,750941,outside,0
latour_1987_science_action_en,latour,topologia,outside,1,750999,outside,0
latour_1987_science_action_en,latour,topologia,outside,1,751120,outside,0
latour_1987_science_action_en,latour,topologia,outside,1,751353,outside,0
latour_1987_science_action_en,latour,topologia,scale,1,751823,scale,0
latour_1987_science_action_en,latour,topologia,outside,1,752595,outside,0
latour_1987_science_action_en,latour,topologia,inside,1,753173,inside,0
latour_1987_science_action_en,latour,topologia,outside,1,753197,outside,0
latour_1987_science_action_en,latour,topologia,inside,1,753485,inside,0
latour_1987_science_action_en,latour,topologia,scale,1,753527,scale,0
latour_1987_science_action_en,latour,topologia,outside,1,754495,outside,0
latour_1987_science_action_en,latour,topologia,inside,1,754874,inside,0
latour_1987_science_action_en,latour,topologia,scale,1,755049,scale,0
latour_1987_science_action_en,latour,topologia,outside,1,755915,outside,0
latour_1987_science_action_en,latour,topologia,outside,1,756603,outside,0
latour_1987_science_action_en,latour,topologia,inside,1,756754,inside,0
latour_1987_science_action_en,latour,topologia,outside,1,759938,outside,0
latour_1987_science_action_en,latour,topologia,outside,1,759965,outside,0
latour_1987_science_action_en,latour,topologia,grids,1,760208,grids,0
latour_1987_science_action_en,latour,topologia,outside,1,760497,outside,0
latour_1987_science_action_en,latour,topologia,inside,1,760513,inside,0
latour_1987_science_action_en,latour,topologia,outside,1,760702,outside,0
latour_1987_science_action_en,latour,topologia,inside,1,760759,inside,0
latour_1987_science_action_en,latour,topologia,circulate,1,763842,circulate,0
latour_1987_science_action_en,latour,topologia,flat,1,764910,flat,0
latour_1987_science_action_en,latour,topologia,flat,1,765494,flat,0
latour_1987_science_action_en,latour,topologia,scale,1,765502,scale,0
latour_1987_science_action_en,latour,topologia,surface,1,765800,surface,0
latour_1987_science_action_en,latour,topologia,flat,1,767112,flat,0
latour_1987_science_action_en,latour,topologia,outside,1,767682,outside,0
latour_1987_science_action_en,latour,topologia,inside,1,769458,inside,0
latour_1987_science_action_en,latour,topologia,outside,1,769469,outside,0
latour_1987_science_action_en,latour,topologia,scales,1,770978,scales,0
latour_1987_science_action_en,latour,topologia,outside,1,771583,outside,0
latour_1987_science_action_en,latour,topologia,outside,1,772015,outside,0
latour_1987_science_action_en,latour,topologia,outside,1,773167,outside,0
latour_1987_science_action_en,latour,topologia,inside,1,774334,inside,0
latour_1987_science_action_en,latour,topologia,inside,1,774521,inside,0
latour_1987_science_action_en,latour,topologia,inside,1,774802,inside,0
latour_1987_science_action_en,latour,topologia,inside,1,774986,inside,0
latour_1987_science_action_en,latour,topologia,scale,1,776253,scale,0
latour_1987_science_action_en,latour,topologia,outside,1,778176,outside,0
latour_1987_science_action_en,latour,topologia,topology,1,781049,topology,0
latour_1987_science_action_en,latour,topologia,outside,1,781120,outside,0
latour_1987_science_action_en,latour,topologia,inside,1,781553,inside,0
latour_1987_science_action_en,latour,topologia,inside,1,781997,inside,0
latour_1987_science_action_en,latour,topologia,outside,1,782040,outside,0
latour_1987_science_action_en,latour,topologia,circulate,1,783219,circulate,0
latour_1987_science_action_en,latour,topologia,inside,1,784481,inside,0
latour_1987_science_action_en,latour,topologia,outside,1,784488,outside,0
latour_1987_science_action_en,latour,topologia,outside,1,786078,outside,0
latour_1987_science_action_en,latour,topologia,scale,1,786507,scale,0
latour_1987_science_action_en,latour,topologia,scale,1,795588,scale,0
latour_1987_science_action_en,latour,topologia,scale,1,797127,scale,0
latour_1987_science_action_en,latour,topologia,scale,1,801024,scale,0
latour_1987_science_action_en,latour,topologia,outside,1,818012,outside,0
latour_1987_science_action_en,latour,topologia,scale,1,824909,scale,0
latour_1987_science_action_en,latour,topologia,scale,1,824936,scale,0
latour_1987_science_action_en,latour,topologia,trajectory,1,827116,trajectory,0
