obra,Dim 1,Dim 2
lab_life_1986,0.6222929081582571,0.055702861204543735
pandora_1999,-0.3445753753305941,0.348525731642338
science_1987,-0.21372448735745692,-0.32527988698928606
